year,baseline_region,site,species,site_counts_total,density_60m2_mean,density_60m2_sd,density_m2_mean,density_m2_sd
2000,CENTRAL,BLUEFISH_DC,Mesocentrotus franciscanus,3,3,NA,0.05,NA
2000,CENTRAL,BLUEFISH_DC,Strongylocentrotus purpuratus,28,9.333333333333334,6.429100507328636,0.15555555555555556,0.10715167512214395
2000,CENTRAL,BLUEFISH_UC,Strongylocentrotus purpuratus,5,2.5,2.1213203435596424,0.041666666666666664,0.035355339059327376
2000,CENTRAL,HOPKINS_DC,Strongylocentrotus purpuratus,13,6.5,6.363961030678928,0.10833333333333334,0.10606601717798213
2000,CENTRAL,HOPKINS_UC,Mesocentrotus franciscanus,2,2,NA,0.03333333333333333,NA
2000,CENTRAL,HOPKINS_UC,Strongylocentrotus purpuratus,37,12.333333333333334,6.658328118479393,0.20555555555555555,0.11097213530798987
2000,CENTRAL,MACABEE_DC,Mesocentrotus franciscanus,1,1,NA,0.016666666666666666,NA
2000,CENTRAL,MACABEE_DC,Strongylocentrotus purpuratus,1,1,NA,0.016666666666666666,NA
2000,CENTRAL,MACABEE_UC,Mesocentrotus franciscanus,1,1,NA,0.016666666666666666,NA
2000,CENTRAL,MACABEE_UC,Strongylocentrotus purpuratus,20,6.666666666666667,5.507570547286102,0.11111111111111112,0.09179284245476838
2000,CENTRAL,MONASTERY_DC,Mesocentrotus franciscanus,20,20,NA,0.3333333333333333,NA
2000,CENTRAL,MONASTERY_DC,Strongylocentrotus purpuratus,62,20.666666666666668,20.13289182738867,0.34444444444444444,0.33554819712314443
2000,CENTRAL,MONASTERY_UC,Mesocentrotus franciscanus,2,2,NA,0.03333333333333333,NA
2000,CENTRAL,MONASTERY_UC,Strongylocentrotus purpuratus,6,2,1,0.03333333333333333,0.01666666666666667
2000,CENTRAL,STILLWATER_UC,Strongylocentrotus purpuratus,2,1,0,0.016666666666666666,0
2001,CENTRAL,BLUEFISH_DC,Strongylocentrotus purpuratus,22,5.5,5.916079783099616,0.09166666666666666,0.09860132971832693
2001,CENTRAL,BLUEFISH_UC,Strongylocentrotus purpuratus,71,71,NA,1.1833333333333333,NA
2001,CENTRAL,HOPKINS_DC,Strongylocentrotus purpuratus,5,1.6666666666666667,1.1547005383792517,0.02777777777777778,0.01924500897298753
2001,CENTRAL,HOPKINS_UC,Strongylocentrotus purpuratus,8,4,2.8284271247461903,0.06666666666666667,0.047140452079103175
2001,CENTRAL,LINGCOD_UC,Strongylocentrotus purpuratus,38,12.666666666666666,10.969655114602888,0.2111111111111111,0.1828275852433815
2001,CENTRAL,MACABEE_DC,Strongylocentrotus purpuratus,5,2.5,2.1213203435596424,0.041666666666666664,0.035355339059327376
2001,CENTRAL,MACABEE_UC,Strongylocentrotus purpuratus,168,84,19.79898987322333,1.4,0.3299831645537221
2001,CENTRAL,MONASTERY_DC,Mesocentrotus franciscanus,2,2,NA,0.03333333333333333,NA
2001,CENTRAL,MONASTERY_DC,Strongylocentrotus purpuratus,5,1.25,0.5,0.020833333333333332,0.008333333333333335
2001,CENTRAL,MONASTERY_UC,Strongylocentrotus purpuratus,1,1,NA,0.016666666666666666,NA
2001,CENTRAL,STILLWATER_DC,Strongylocentrotus purpuratus,2,1,0,0.016666666666666666,0
2001,CENTRAL,STILLWATER_UC,Strongylocentrotus purpuratus,1,1,NA,0.016666666666666666,NA
2001,CENTRAL,WESTON_DC,Strongylocentrotus purpuratus,3,1.5,0.7071067811865476,0.025,0.011785113019775792
2001,CENTRAL,WESTON_UC,Strongylocentrotus purpuratus,4,4,NA,0.06666666666666667,NA
2002,CENTRAL,BLUEFISH_DC,Strongylocentrotus purpuratus,21,5.25,2.0615528128088303,0.0875,0.03435921354681384
2002,CENTRAL,HOPKINS_DC,Strongylocentrotus purpuratus,11,5.5,6.363961030678928,0.09166666666666666,0.10606601717798213
2002,CENTRAL,HOPKINS_UC,Strongylocentrotus purpuratus,1,1,NA,0.016666666666666666,NA
2002,CENTRAL,LINGCOD_DC,Strongylocentrotus purpuratus,150,150,NA,2.5,NA
2002,CENTRAL,LINGCOD_UC,Strongylocentrotus purpuratus,4,2,1.4142135623730951,0.03333333333333333,0.023570226039551587
2002,CENTRAL,MACABEE_DC,Mesocentrotus franciscanus,2,1,0,0.016666666666666666,0
2002,CENTRAL,MACABEE_DC,Strongylocentrotus purpuratus,41,10.25,8.616843969807043,0.17083333333333334,0.1436140661634507
2002,CENTRAL,MACABEE_UC,Mesocentrotus franciscanus,3,1.5,0.7071067811865476,0.025,0.011785113019775792
2002,CENTRAL,MACABEE_UC,Strongylocentrotus purpuratus,5,2.5,2.1213203435596424,0.041666666666666664,0.035355339059327376
2002,CENTRAL,MONASTERY_DC,Strongylocentrotus purpuratus,5,5,NA,0.08333333333333333,NA
2002,CENTRAL,WESTON_DC,Strongylocentrotus purpuratus,1,1,NA,0.016666666666666666,NA
2002,CENTRAL,WESTON_UC,Strongylocentrotus purpuratus,52,26,5.656854249492381,0.43333333333333335,0.09428090415820635
2003,CENTRAL,BLUEFISH_DC,Mesocentrotus franciscanus,13,6.5,4.949747468305833,0.10833333333333334,0.08249579113843054
2003,CENTRAL,BLUEFISH_DC,Strongylocentrotus purpuratus,65,16.25,24.513601666557825,0.2708333333333333,0.40856002777596384
2003,CENTRAL,BLUEFISH_UC,Strongylocentrotus purpuratus,4,2,1.4142135623730951,0.03333333333333333,0.023570226039551587
2003,CENTRAL,HOPKINS_DC,Strongylocentrotus purpuratus,21,4.2,5.06951674225463,0.06999999999999999,0.08449194570424384
2003,CENTRAL,HOPKINS_UC,Strongylocentrotus purpuratus,17,4.25,2.217355782608345,0.07083333333333333,0.036955929710139085
2003,CENTRAL,MACABEE_DC,Mesocentrotus franciscanus,5,1.6666666666666667,0.5773502691896257,0.027777777777777776,0.009622504486493762
2003,CENTRAL,MACABEE_DC,Strongylocentrotus purpuratus,16,4,4.760952285695233,0.06666666666666667,0.07934920476158722
2003,CENTRAL,MACABEE_UC,Mesocentrotus franciscanus,5,2.5,0.7071067811865476,0.04166666666666667,0.011785113019775794
2003,CENTRAL,MACABEE_UC,Strongylocentrotus purpuratus,24,8,1.7320508075688772,0.13333333333333333,0.02886751345948128
2003,CENTRAL,MONASTERY_DC,Strongylocentrotus purpuratus,13,3.25,4.5,0.05416666666666667,0.075
2003,CENTRAL,MONASTERY_UC,Mesocentrotus franciscanus,1,1,NA,0.016666666666666666,NA
2003,CENTRAL,MONASTERY_UC,Strongylocentrotus purpuratus,5,2.5,2.1213203435596424,0.041666666666666664,0.035355339059327376
2003,CENTRAL,PESCADERO_DC,Mesocentrotus franciscanus,1,1,NA,0.016666666666666666,NA
2003,CENTRAL,PESCADERO_DC,Strongylocentrotus purpuratus,4,1.3333333333333333,0.5773502691896257,0.022222222222222223,0.009622504486493762
2003,CENTRAL,PESCADERO_UC,Strongylocentrotus purpuratus,31,15.5,17.67766952966369,0.2583333333333333,0.2946278254943948
2003,CENTRAL,STILLWATER_DC,Mesocentrotus franciscanus,1,1,NA,0.016666666666666666,NA
2003,CENTRAL,STILLWATER_DC,Strongylocentrotus purpuratus,1,1,NA,0.016666666666666666,NA
2003,CENTRAL,STILLWATER_UC,Strongylocentrotus purpuratus,1,1,NA,0.016666666666666666,NA
2003,CENTRAL,WESTON_UC,Mesocentrotus franciscanus,3,1.5,0.7071067811865476,0.025,0.011785113019775792
2004,CENTRAL,BLUEFISH_DC,Mesocentrotus franciscanus,5,5,NA,0.08333333333333333,NA
2004,CENTRAL,BLUEFISH_DC,Strongylocentrotus purpuratus,35,5.833333333333334,8.975893641675277,0.09722222222222224,0.14959822736125464
2004,CENTRAL,BLUEFISH_UC,Strongylocentrotus purpuratus,6,3,2.8284271247461903,0.05,0.04714045207910317
2004,CENTRAL,HOPKINS_DC,Strongylocentrotus purpuratus,13,3.25,2.8722813232690143,0.05416666666666667,0.04787135538781691
2004,CENTRAL,HOPKINS_UC,Mesocentrotus franciscanus,3,3,NA,0.05,NA
2004,CENTRAL,HOPKINS_UC,Strongylocentrotus purpuratus,53,10.6,6.465291950097845,0.17666666666666667,0.10775486583496409
2004,CENTRAL,MACABEE_DC,Strongylocentrotus purpuratus,10,3.3333333333333335,3.2145502536643185,0.05555555555555555,0.053575837561071975
2004,CENTRAL,MACABEE_UC,Mesocentrotus franciscanus,2,2,NA,0.03333333333333333,NA
2004,CENTRAL,MACABEE_UC,Strongylocentrotus purpuratus,10,5,2.8284271247461903,0.08333333333333334,0.04714045207910317
2004,CENTRAL,MONASTERY_UC,Strongylocentrotus purpuratus,2,1,0,0.016666666666666666,0
2004,CENTRAL,PESCADERO_DC,Strongylocentrotus purpuratus,3,3,NA,0.05,NA
2004,CENTRAL,STILLWATER_UC,Strongylocentrotus purpuratus,6,2,1,0.03333333333333333,0.01666666666666667
2004,CENTRAL,WESTON_DC,Strongylocentrotus purpuratus,1,1,NA,0.016666666666666666,NA
2004,CENTRAL,WESTON_UC,Strongylocentrotus purpuratus,20,5,7.3484692283495345,0.08333333333333333,0.12247448713915893
2005,CENTRAL,BLUEFISH_DC,Strongylocentrotus purpuratus,6,3,2.8284271247461903,0.05,0.04714045207910317
2005,CENTRAL,BLUEFISH_UC,Strongylocentrotus purpuratus,9,4.5,2.1213203435596424,0.07500000000000001,0.03535533905932738
2005,CENTRAL,HOPKINS_DC,Mesocentrotus franciscanus,2,1,0,0.016666666666666666,0
2005,CENTRAL,HOPKINS_DC,Strongylocentrotus purpuratus,3,3,NA,0.05,NA
2005,CENTRAL,HOPKINS_UC,Strongylocentrotus purpuratus,19,4.75,6.238322424070967,0.07916666666666666,0.1039720404011828
2005,CENTRAL,MACABEE_DC,Strongylocentrotus purpuratus,1,1,NA,0.016666666666666666,NA
2005,CENTRAL,MACABEE_UC,Strongylocentrotus purpuratus,5,2.5,2.1213203435596424,0.041666666666666664,0.035355339059327376
2005,CENTRAL,MONASTERY_DC,Mesocentrotus franciscanus,3,1.5,0.7071067811865476,0.025,0.011785113019775792
2005,CENTRAL,MONASTERY_DC,Strongylocentrotus purpuratus,6,3,1.4142135623730951,0.05,0.023570226039551584
2005,CENTRAL,MONASTERY_UC,Strongylocentrotus purpuratus,7,3.5,3.5355339059327378,0.058333333333333334,0.05892556509887897
2005,CENTRAL,PESCADERO_DC,Strongylocentrotus purpuratus,2,1,0,0.016666666666666666,0
2005,CENTRAL,PESCADERO_UC,Strongylocentrotus purpuratus,30,30,NA,0.5,NA
2005,CENTRAL,WESTON_DC,Strongylocentrotus purpuratus,1,1,NA,0.016666666666666666,NA
2006,CENTRAL,BLUEFISH_DC,Mesocentrotus franciscanus,2,2,NA,0.03333333333333333,NA
2006,CENTRAL,BLUEFISH_DC,Strongylocentrotus purpuratus,4,2,1.4142135623730951,0.03333333333333333,0.023570226039551587
2006,CENTRAL,BUTTERFLY_DC,Strongylocentrotus purpuratus,1,1,NA,0.016666666666666666,NA
2006,CENTRAL,BUTTERFLY_UC,Strongylocentrotus purpuratus,3,1.5,0.7071067811865476,0.025,0.011785113019775792
2006,CENTRAL,HOPKINS_DC,Mesocentrotus franciscanus,15,3.75,4.856267428111155,0.06249999999999999,0.08093779046851925
2006,CENTRAL,HOPKINS_DC,Strongylocentrotus purpuratus,2,1,0,0.016666666666666666,0
2006,CENTRAL,HOPKINS_UC,Mesocentrotus franciscanus,5,1.25,0.5,0.020833333333333332,0.008333333333333335
2006,CENTRAL,HOPKINS_UC,Strongylocentrotus purpuratus,7,2.3333333333333335,1.1547005383792515,0.03888888888888889,0.01924500897298753
2006,CENTRAL,MACABEE_DC,Mesocentrotus franciscanus,2,1,0,0.016666666666666666,0
2006,CENTRAL,MACABEE_DC,Strongylocentrotus purpuratus,28,7,3.559026084010437,0.11666666666666667,0.05931710140017395
2006,CENTRAL,MACABEE_UC,Strongylocentrotus purpuratus,30,10,8.717797887081348,0.16666666666666666,0.14529663145135577
2006,CENTRAL,MONASTERY_DC,Strongylocentrotus purpuratus,20,6.666666666666666,9.814954576223638,0.1111111111111111,0.16358257627039396
2006,CENTRAL,OTTER_PT_DC,Mesocentrotus franciscanus,2,2,NA,0.03333333333333333,NA
2006,CENTRAL,OTTER_PT_DC,Strongylocentrotus purpuratus,4,2,1.4142135623730951,0.03333333333333333,0.023570226039551587
2006,CENTRAL,OTTER_PT_UC,Mesocentrotus franciscanus,12,6,5.656854249492381,0.1,0.09428090415820634
2006,CENTRAL,OTTER_PT_UC,Strongylocentrotus purpuratus,9,9,NA,0.15,NA
2006,CENTRAL,PESCADERO_DC,Mesocentrotus franciscanus,5,2.5,0.7071067811865476,0.04166666666666667,0.011785113019775794
2006,CENTRAL,PESCADERO_DC,Strongylocentrotus purpuratus,8,4,2.8284271247461903,0.06666666666666667,0.047140452079103175
2006,CENTRAL,PESCADERO_UC,Strongylocentrotus purpuratus,10,10,NA,0.16666666666666666,NA
2006,CENTRAL,STILLWATER_DC,Strongylocentrotus purpuratus,1,1,NA,0.016666666666666666,NA
2006,CENTRAL,STILLWATER_UC,Strongylocentrotus purpuratus,2,2,NA,0.03333333333333333,NA
2006,CENTRAL,WESTON_DC,Strongylocentrotus purpuratus,1,1,NA,0.016666666666666666,NA
2006,CENTRAL,WESTON_UC,Mesocentrotus franciscanus,1,1,NA,0.016666666666666666,NA
2007,CENTRAL,ASILOMAR_DC,Strongylocentrotus purpuratus,4,2,1.4142135623730951,0.03333333333333333,0.023570226039551587
2007,CENTRAL,ASILOMAR_UC,Mesocentrotus franciscanus,1,1,NA,0.016666666666666666,NA
2007,CENTRAL,ASILOMAR_UC,Strongylocentrotus purpuratus,11,5.5,6.363961030678928,0.09166666666666666,0.10606601717798213
2007,CENTRAL,BLUEFISH_DC,Mesocentrotus franciscanus,3,1.5,0.7071067811865476,0.025,0.011785113019775792
2007,CENTRAL,BLUEFISH_DC,Strongylocentrotus purpuratus,13,2.6,2.6076809620810595,0.043333333333333335,0.04346134936801766
2007,CENTRAL,BUTTERFLY_DC,Strongylocentrotus purpuratus,5,1.6666666666666667,1.1547005383792517,0.02777777777777778,0.01924500897298753
2007,CENTRAL,BUTTERFLY_UC,Mesocentrotus franciscanus,2,2,NA,0.03333333333333333,NA
2007,CENTRAL,BUTTERFLY_UC,Strongylocentrotus purpuratus,14,3.5,2.3804761428476167,0.058333333333333334,0.039674602380793615
2007,CENTRAL,CANNERY_DC,Mesocentrotus franciscanus,8,2.6666666666666665,2.081665999466133,0.044444444444444446,0.034694433324435545
2007,CENTRAL,CANNERY_DC,Strongylocentrotus purpuratus,72,18,17.644640357154728,0.3,0.2940773392859122
2007,CENTRAL,CANNERY_UC,Mesocentrotus franciscanus,7,2.3333333333333335,1.5275252316519465,0.03888888888888889,0.02545875386086578
2007,CENTRAL,CANNERY_UC,Strongylocentrotus purpuratus,31,7.75,4.5,0.12916666666666665,0.07500000000000001
2007,CENTRAL,CYPRESS_PT_DC,Mesocentrotus franciscanus,1,1,NA,0.016666666666666666,NA
2007,CENTRAL,CYPRESS_PT_DC,Strongylocentrotus purpuratus,10,2.5,1,0.041666666666666664,0.016666666666666666
2007,CENTRAL,CYPRESS_PT_UC,Strongylocentrotus purpuratus,17,5.666666666666667,6.350852961085883,0.09444444444444444,0.1058475493514314
2007,CENTRAL,HOPKINS_DC,Mesocentrotus franciscanus,11,3.666666666666667,3.7859388972001824,0.06111111111111111,0.06309898162000303
2007,CENTRAL,HOPKINS_DC,Strongylocentrotus purpuratus,12,4,3,0.06666666666666667,0.05
2007,CENTRAL,HOPKINS_UC,Mesocentrotus franciscanus,1,1,NA,0.016666666666666666,NA
2007,CENTRAL,HOPKINS_UC,Strongylocentrotus purpuratus,7,1.75,1.5,0.029166666666666667,0.025
2007,CENTRAL,LONE_TREE,Mesocentrotus franciscanus,5,2.5,2.1213203435596424,0.041666666666666664,0.035355339059327376
2007,CENTRAL,LONE_TREE,Strongylocentrotus purpuratus,11,3.666666666666667,4.618802153517007,0.06111111111111111,0.0769800358919501
2007,CENTRAL,LOVERS_DC,Mesocentrotus franciscanus,31,10.333333333333334,12.096831541082704,0.17222222222222222,0.20161385901804507
2007,CENTRAL,LOVERS_DC,Strongylocentrotus purpuratus,49,8.166666666666666,8.0601902376226,0.1361111111111111,0.13433650396037666
2007,CENTRAL,LOVERS_UC,Mesocentrotus franciscanus,1,1,NA,0.016666666666666666,NA
2007,CENTRAL,LOVERS_UC,Strongylocentrotus purpuratus,15,3,1.4142135623730951,0.049999999999999996,0.023570226039551584
2007,CENTRAL,MACABEE_DC,Mesocentrotus franciscanus,12,6,5.656854249492381,0.1,0.09428090415820634
2007,CENTRAL,MACABEE_DC,Strongylocentrotus purpuratus,36,12,12.12435565298214,0.2,0.20207259421636903
2007,CENTRAL,MACABEE_UC,Mesocentrotus franciscanus,11,5.5,0.7071067811865476,0.09166666666666667,0.0117851130197758
2007,CENTRAL,MACABEE_UC,Strongylocentrotus purpuratus,50,12.5,12.871156384205214,0.20833333333333331,0.21451927307008692
2007,CENTRAL,MONASTERY_DC,Mesocentrotus franciscanus,11,3.6666666666666665,2.5166114784235836,0.06111111111111111,0.041943524640393054
2007,CENTRAL,MONASTERY_DC,Strongylocentrotus purpuratus,6,2,1,0.03333333333333333,0.01666666666666667
2007,CENTRAL,MONASTERY_UC,Mesocentrotus franciscanus,1,1,NA,0.016666666666666666,NA
2007,CENTRAL,MONASTERY_UC,Strongylocentrotus purpuratus,2,1,0,0.016666666666666666,0
2007,CENTRAL,OTTER_PT_DC,Mesocentrotus franciscanus,1,1,NA,0.016666666666666666,NA
2007,CENTRAL,OTTER_PT_DC,Strongylocentrotus purpuratus,2,1,0,0.016666666666666666,0
2007,CENTRAL,OTTER_PT_UC,Mesocentrotus franciscanus,1,1,NA,0.016666666666666666,NA
2007,CENTRAL,OTTER_PT_UC,Strongylocentrotus purpuratus,7,3.5,2.1213203435596424,0.058333333333333334,0.035355339059327376
2007,CENTRAL,PESCADERO_UC,Strongylocentrotus purpuratus,2,2,NA,0.03333333333333333,NA
2007,CENTRAL,PINNACLES_IN,Mesocentrotus franciscanus,6,3,2.8284271247461903,0.05,0.04714045207910317
2007,CENTRAL,PINNACLES_IN,Strongylocentrotus purpuratus,142,28.4,20.452383724153034,0.47333333333333333,0.34087306206921725
2007,CENTRAL,PINNACLES_OUT,Mesocentrotus franciscanus,68,11.333333333333334,8.86942313043338,0.18888888888888888,0.14782371884055634
2007,CENTRAL,PINNACLES_OUT,Strongylocentrotus purpuratus,105,17.5,7.76530746332687,0.2916666666666667,0.12942179105544788
2007,CENTRAL,PINOS,Mesocentrotus franciscanus,2,2,NA,0.03333333333333333,NA
2007,CENTRAL,PINOS,Strongylocentrotus purpuratus,1,1,NA,0.016666666666666666,NA
2007,CENTRAL,PT_JOE,Strongylocentrotus purpuratus,2,1,0,0.016666666666666666,0
2007,CENTRAL,SIREN,Mesocentrotus franciscanus,1,1,NA,0.016666666666666666,NA
2007,CENTRAL,SIREN,Strongylocentrotus purpuratus,20,4,2.9154759474226504,0.06666666666666667,0.04859126579037751
2007,CENTRAL,SPANISH_BAY_UC,Strongylocentrotus purpuratus,1,1,NA,0.016666666666666666,NA
2007,CENTRAL,STILLWATER_UC,Strongylocentrotus purpuratus,1,1,NA,0.016666666666666666,NA
2007,CENTRAL,WESTON_DC,Strongylocentrotus purpuratus,5,1.6666666666666667,0.5773502691896257,0.027777777777777776,0.009622504486493762
2007,CENTRAL,WESTON_UC,Mesocentrotus franciscanus,1,1,NA,0.016666666666666666,NA
2007,CENTRAL,WESTON_UC,Strongylocentrotus purpuratus,22,4.4,5.458937625582473,0.07333333333333333,0.09098229375970787
2008,CENTRAL,ASILOMAR_DC,Strongylocentrotus purpuratus,1,1,NA,0.016666666666666666,NA
2008,CENTRAL,ASILOMAR_UC,Strongylocentrotus purpuratus,4,1.3333333333333333,0.5773502691896257,0.022222222222222223,0.009622504486493762
2008,CENTRAL,BIRD_ROCK,Strongylocentrotus purpuratus,28,7,8.831760866327848,0.11666666666666667,0.14719601443879743
2008,CENTRAL,BLUEFISH_DC,Mesocentrotus franciscanus,4,4,NA,0.06666666666666667,NA
2008,CENTRAL,BLUEFISH_DC,Strongylocentrotus purpuratus,4,1.3333333333333333,0.5773502691896257,0.022222222222222223,0.009622504486493762
2008,CENTRAL,BLUEFISH_UC,Strongylocentrotus purpuratus,6,3,0,0.05,0
2008,CENTRAL,BUTTERFLY_DC,Mesocentrotus franciscanus,7,3.5,2.1213203435596424,0.058333333333333334,0.035355339059327376
2008,CENTRAL,BUTTERFLY_DC,Strongylocentrotus purpuratus,11,3.6666666666666665,2.886751345948129,0.06111111111111111,0.048112522432468816
2008,CENTRAL,BUTTERFLY_UC,Strongylocentrotus purpuratus,11,5.5,0.7071067811865476,0.09166666666666667,0.0117851130197758
2008,CENTRAL,CANNERY_DC,Mesocentrotus franciscanus,2,1,0,0.016666666666666666,0
2008,CENTRAL,CANNERY_DC,Strongylocentrotus purpuratus,55,11,8.336666000266533,0.18333333333333332,0.13894443333777556
2008,CENTRAL,CANNERY_UC,Mesocentrotus franciscanus,12,3,1.4142135623730951,0.05,0.023570226039551584
2008,CENTRAL,CANNERY_UC,Strongylocentrotus purpuratus,49,8.166666666666666,7.782458908768273,0.1361111111111111,0.12970764847947122
2008,CENTRAL,CHINA_ROCK,Strongylocentrotus purpuratus,12,4,3,0.06666666666666667,0.05
2008,CENTRAL,CYPRESS_PT_DC,Mesocentrotus franciscanus,1,1,NA,0.016666666666666666,NA
2008,CENTRAL,CYPRESS_PT_DC,Strongylocentrotus purpuratus,3,1.5,0.7071067811865476,0.025,0.011785113019775792
2008,CENTRAL,CYPRESS_PT_UC,Mesocentrotus franciscanus,3,1.5,0.7071067811865476,0.025,0.011785113019775792
2008,CENTRAL,HOPKINS_DC,Mesocentrotus franciscanus,1,1,NA,0.016666666666666666,NA
2008,CENTRAL,HOPKINS_DC,Strongylocentrotus purpuratus,6,2,1,0.03333333333333333,0.01666666666666667
2008,CENTRAL,HOPKINS_UC,Mesocentrotus franciscanus,11,3.6666666666666665,3.055050463303893,0.06111111111111111,0.05091750772173155
2008,CENTRAL,HOPKINS_UC,Strongylocentrotus purpuratus,46,11.5,13.820274961085254,0.19166666666666668,0.23033791601808756
2008,CENTRAL,LONE_TREE,Strongylocentrotus purpuratus,10,5,4.242640687119285,0.08333333333333333,0.07071067811865475
2008,CENTRAL,MACABEE_DC,Mesocentrotus franciscanus,5,1.6666666666666667,0.5773502691896257,0.027777777777777776,0.009622504486493762
2008,CENTRAL,MACABEE_DC,Strongylocentrotus purpuratus,21,5.25,3.947573094109004,0.0875,0.06579288490181673
2008,CENTRAL,MACABEE_UC,Mesocentrotus franciscanus,7,2.3333333333333335,1.1547005383792515,0.03888888888888889,0.019245008972987525
2008,CENTRAL,MACABEE_UC,Strongylocentrotus purpuratus,39,9.75,10.965856099730654,0.1625,0.18276426832884424
2008,CENTRAL,MONASTERY_DC,Strongylocentrotus purpuratus,1,1,NA,0.016666666666666666,NA
2008,CENTRAL,MONASTERY_UC,Mesocentrotus franciscanus,1,1,NA,0.016666666666666666,NA
2008,CENTRAL,MONASTERY_UC,Strongylocentrotus purpuratus,3,1.5,0.7071067811865476,0.025,0.011785113019775792
2008,CENTRAL,OTTER_PT_DC,Strongylocentrotus purpuratus,24,4,1.6733200530681511,0.06666666666666667,0.027888667551135855
2008,CENTRAL,OTTER_PT_UC,Mesocentrotus franciscanus,5,5,NA,0.08333333333333333,NA
2008,CENTRAL,OTTER_PT_UC,Strongylocentrotus purpuratus,143,28.6,39.329378332234036,0.4766666666666667,0.6554896388705673
2008,CENTRAL,PESCADERO_DC,Strongylocentrotus purpuratus,5,2.5,2.1213203435596424,0.041666666666666664,0.035355339059327376
2008,CENTRAL,PESCADERO_UC,Mesocentrotus franciscanus,2,1,0,0.016666666666666666,0
2008,CENTRAL,PESCADERO_UC,Strongylocentrotus purpuratus,14,2.8,2.16794833886788,0.04666666666666667,0.03613247231446467
2008,CENTRAL,PINNACLES_IN,Mesocentrotus franciscanus,17,4.25,3.304037933599835,0.07083333333333333,0.05506729889333058
2008,CENTRAL,PINNACLES_IN,Strongylocentrotus purpuratus,28,4.666666666666667,2.7325202042558927,0.07777777777777778,0.04554200340426488
2008,CENTRAL,PINNACLES_OUT,Mesocentrotus franciscanus,18,4.5,2.6457513110645907,0.075,0.044095855184409845
2008,CENTRAL,PINNACLES_OUT,Strongylocentrotus purpuratus,64,10.666666666666666,8.140434058861153,0.17777777777777778,0.1356739009810192
2008,CENTRAL,PINOS,Mesocentrotus franciscanus,1,1,NA,0.016666666666666666,NA
2008,CENTRAL,PINOS,Strongylocentrotus purpuratus,5,1.25,0.5,0.020833333333333332,0.008333333333333333
2008,CENTRAL,PT_JOE,Mesocentrotus franciscanus,4,2,1.4142135623730951,0.03333333333333333,0.023570226039551587
2008,CENTRAL,PT_JOE,Strongylocentrotus purpuratus,3,1,0,0.016666666666666666,0
2008,CENTRAL,SIREN,Strongylocentrotus purpuratus,2,2,NA,0.03333333333333333,NA
2008,CENTRAL,SPANISH_BAY_UC,Strongylocentrotus purpuratus,1,1,NA,0.016666666666666666,NA
2008,CENTRAL,STILLWATER_DC,Mesocentrotus franciscanus,1,1,NA,0.016666666666666666,NA
2008,CENTRAL,STILLWATER_DC,Strongylocentrotus purpuratus,3,1.5,0.7071067811865476,0.025,0.011785113019775792
2008,CENTRAL,WESTON_DC,Strongylocentrotus purpuratus,2,2,NA,0.03333333333333333,NA
2008,CENTRAL,WESTON_UC,Mesocentrotus franciscanus,1,1,NA,0.016666666666666666,NA
2008,CENTRAL,WESTON_UC,Strongylocentrotus purpuratus,2,2,NA,0.03333333333333333,NA
2009,CENTRAL,BLUEFISH_DC,Mesocentrotus franciscanus,2,2,NA,0.03333333333333333,NA
2009,CENTRAL,BLUEFISH_DC,Strongylocentrotus purpuratus,27,4.5,2.7386127875258306,0.075,0.045643546458763846
2009,CENTRAL,BLUEFISH_UC,Mesocentrotus franciscanus,14,7,5.656854249492381,0.11666666666666667,0.09428090415820632
2009,CENTRAL,BLUEFISH_UC,Strongylocentrotus purpuratus,21,7,6,0.11666666666666667,0.1
2009,CENTRAL,HOPKINS_DC,Mesocentrotus franciscanus,7,7,NA,0.11666666666666667,NA
2009,CENTRAL,HOPKINS_DC,Strongylocentrotus purpuratus,7,3.5,2.1213203435596424,0.058333333333333334,0.035355339059327376
2009,CENTRAL,HOPKINS_UC,Mesocentrotus franciscanus,2,2,NA,0.03333333333333333,NA
2009,CENTRAL,HOPKINS_UC,Strongylocentrotus purpuratus,39,6.5,5.683308895353129,0.10833333333333334,0.09472181492255215
2009,CENTRAL,MACABEE_DC,Strongylocentrotus purpuratus,13,2.6,1.8165902124584952,0.043333333333333335,0.030276503540974914
2009,CENTRAL,MACABEE_UC,Strongylocentrotus purpuratus,9,3,1.7320508075688772,0.05,0.02886751345948129
2009,CENTRAL,MONASTERY_DC,Strongylocentrotus purpuratus,15,3.75,3.095695936834452,0.0625,0.05159493228057419
2009,CENTRAL,MONASTERY_UC,Mesocentrotus franciscanus,1,1,NA,0.016666666666666666,NA
2009,CENTRAL,MONASTERY_UC,Strongylocentrotus purpuratus,9,3,2.6457513110645907,0.05,0.044095855184409845
2009,CENTRAL,PESCADERO_DC,Strongylocentrotus purpuratus,7,3.5,2.1213203435596424,0.058333333333333334,0.035355339059327376
2009,CENTRAL,PESCADERO_UC,Strongylocentrotus purpuratus,66,22,16.64331697709324,0.3666666666666667,0.2773886162848873
2009,CENTRAL,STILLWATER_DC,Strongylocentrotus purpuratus,2,1,0,0.016666666666666666,0
2009,CENTRAL,STILLWATER_UC,Strongylocentrotus purpuratus,3,1,0,0.016666666666666666,0
2009,CENTRAL,WESTON_DC,Strongylocentrotus purpuratus,15,3.75,4.272001872658765,0.0625,0.07120003121097943
2009,CENTRAL,WESTON_UC,Strongylocentrotus purpuratus,141,47,59.80802621722272,0.7833333333333333,0.9968004369537119
2010,CENTRAL,BLUEFISH_DC,Strongylocentrotus purpuratus,22,5.5,3.3166247903554,0.09166666666666666,0.055277079839256664
2010,CENTRAL,BLUEFISH_UC,Strongylocentrotus purpuratus,1,1,NA,0.016666666666666666,NA
2010,CENTRAL,BUTTERFLY_DC,Strongylocentrotus purpuratus,68,17,11.74734012447073,0.2833333333333333,0.1957890020745122
2010,CENTRAL,BUTTERFLY_UC,Strongylocentrotus purpuratus,11,3.666666666666667,3.7859388972001824,0.06111111111111111,0.06309898162000303
2010,CENTRAL,HOPKINS_DC,Mesocentrotus franciscanus,4,2,1.4142135623730951,0.03333333333333333,0.023570226039551587
2010,CENTRAL,HOPKINS_DC,Strongylocentrotus purpuratus,12,2.4,0.8944271909999159,0.04,0.014907119849998601
2010,CENTRAL,HOPKINS_UC,Strongylocentrotus purpuratus,11,5.5,3.5355339059327378,0.09166666666666667,0.05892556509887896
2010,CENTRAL,LONE_TREE,Strongylocentrotus purpuratus,19,9.5,10.606601717798213,0.15833333333333333,0.1767766952966369
2010,CENTRAL,MACABEE_DC,Mesocentrotus franciscanus,3,1.5,0.7071067811865476,0.025,0.011785113019775792
2010,CENTRAL,MACABEE_DC,Strongylocentrotus purpuratus,14,7,7.0710678118654755,0.11666666666666667,0.11785113019775793
2010,CENTRAL,MACABEE_UC,Strongylocentrotus purpuratus,2,2,NA,0.03333333333333333,NA
2010,CENTRAL,MONASTERY_DC,Strongylocentrotus purpuratus,7,3.5,2.1213203435596424,0.058333333333333334,0.035355339059327376
2010,CENTRAL,MONASTERY_UC,Strongylocentrotus purpuratus,4,2,1.4142135623730951,0.03333333333333333,0.023570226039551587
2010,CENTRAL,PESCADERO_DC,Mesocentrotus franciscanus,1,1,NA,0.016666666666666666,NA
2010,CENTRAL,PESCADERO_DC,Strongylocentrotus purpuratus,88,14.666666666666666,17.224014243685083,0.24444444444444444,0.28706690406141805
2010,CENTRAL,PESCADERO_UC,Strongylocentrotus purpuratus,7,2.3333333333333335,2.3094010767585034,0.03888888888888889,0.03849001794597505
2010,CENTRAL,PINNACLES_IN,Mesocentrotus franciscanus,1,1,NA,0.016666666666666666,NA
2010,CENTRAL,PINNACLES_IN,Strongylocentrotus purpuratus,21,7,5.291502622129181,0.11666666666666667,0.08819171036881969
2010,CENTRAL,PINNACLES_OUT,Mesocentrotus franciscanus,26,8.666666666666666,8.082903768654761,0.14444444444444443,0.13471506281091267
2010,CENTRAL,PINNACLES_OUT,Strongylocentrotus purpuratus,159,26.5,24.53365036027048,0.44166666666666665,0.40889417267117467
2010,CENTRAL,STILLWATER_DC,Strongylocentrotus purpuratus,2,2,NA,0.03333333333333333,NA
2010,CENTRAL,WESTON_DC,Mesocentrotus franciscanus,1,1,NA,0.016666666666666666,NA
2010,CENTRAL,WESTON_DC,Strongylocentrotus purpuratus,25,6.25,4.645786621588784,0.10416666666666667,0.07742977702647974
2010,CENTRAL,WESTON_UC,Strongylocentrotus purpuratus,52,13,8.602325267042627,0.21666666666666665,0.14337208778404376
2011,CENTRAL,ASILOMAR_DC,Mesocentrotus franciscanus,3,3,NA,0.05,NA
2011,CENTRAL,ASILOMAR_UC,Mesocentrotus franciscanus,6,3,2.8284271247461903,0.05,0.04714045207910317
2011,CENTRAL,ASILOMAR_UC,Strongylocentrotus purpuratus,2,1,0,0.016666666666666666,0
2011,CENTRAL,BIRD_ROCK,Mesocentrotus franciscanus,1,1,NA,0.016666666666666666,NA
2011,CENTRAL,BIRD_ROCK,Strongylocentrotus purpuratus,54,18,12.12435565298214,0.3,0.20207259421636903
2011,CENTRAL,BLUEFISH_DC,Mesocentrotus franciscanus,16,3.2,2.9495762407505253,0.05333333333333333,0.049159604012508754
2011,CENTRAL,BLUEFISH_DC,Strongylocentrotus purpuratus,33,5.5,4.415880433163924,0.09166666666666667,0.07359800721939873
2011,CENTRAL,BLUEFISH_UC,Mesocentrotus franciscanus,2,1,0,0.016666666666666666,0
2011,CENTRAL,BLUEFISH_UC,Strongylocentrotus purpuratus,13,2.6,1.816590212458495,0.043333333333333335,0.030276503540974914
2011,CENTRAL,BUTTERFLY_DC,Mesocentrotus franciscanus,3,3,NA,0.05,NA
2011,CENTRAL,BUTTERFLY_DC,Strongylocentrotus purpuratus,62,15.5,11.474609652039003,0.25833333333333336,0.1912434942006501
2011,CENTRAL,BUTTERFLY_UC,Mesocentrotus franciscanus,1,1,NA,0.016666666666666666,NA
2011,CENTRAL,BUTTERFLY_UC,Strongylocentrotus purpuratus,12,3,2.160246899469287,0.05,0.03600411499115478
2011,CENTRAL,CANNERY_DC,Mesocentrotus franciscanus,4,1.3333333333333333,0.5773502691896257,0.022222222222222223,0.009622504486493762
2011,CENTRAL,CANNERY_DC,Strongylocentrotus purpuratus,4,1.3333333333333333,0.5773502691896257,0.022222222222222223,0.009622504486493762
2011,CENTRAL,CANNERY_UC,Mesocentrotus franciscanus,5,5,NA,0.08333333333333333,NA
2011,CENTRAL,CANNERY_UC,Strongylocentrotus purpuratus,14,4.666666666666667,6.350852961085883,0.07777777777777778,0.1058475493514314
2011,CENTRAL,CHINA_ROCK,Mesocentrotus franciscanus,14,7,8.48528137423857,0.11666666666666667,0.14142135623730953
2011,CENTRAL,CHINA_ROCK,Strongylocentrotus purpuratus,72,24,27.730849247724095,0.4,0.46218082079540157
2011,CENTRAL,CYPRESS_PT_DC,Mesocentrotus franciscanus,7,1.75,1.5,0.029166666666666667,0.025
2011,CENTRAL,CYPRESS_PT_DC,Strongylocentrotus purpuratus,79,15.8,27.68934813244978,0.2633333333333333,0.4614891355408296
2011,CENTRAL,CYPRESS_PT_UC,Mesocentrotus franciscanus,13,3.25,1.707825127659933,0.05416666666666667,0.02846375212766555
2011,CENTRAL,CYPRESS_PT_UC,Strongylocentrotus purpuratus,28,7,11.343133018115703,0.11666666666666667,0.18905221696859506
2011,CENTRAL,HOPKINS_DC,Mesocentrotus franciscanus,21,10.5,4.949747468305833,0.175,0.08249579113843054
2011,CENTRAL,HOPKINS_DC,Strongylocentrotus purpuratus,10,2.5,1.7320508075688772,0.041666666666666664,0.02886751345948129
2011,CENTRAL,HOPKINS_UC,Mesocentrotus franciscanus,1,1,NA,0.016666666666666666,NA
2011,CENTRAL,HOPKINS_UC,Strongylocentrotus purpuratus,12,2.4,2.073644135332772,0.04,0.03456073558887954
2011,CENTRAL,LONE_TREE,Mesocentrotus franciscanus,15,3.75,2.362907813126304,0.0625,0.03938179688543841
2011,CENTRAL,LONE_TREE,Strongylocentrotus purpuratus,31,5.166666666666667,3.763863263545405,0.08611111111111111,0.06273105439242341
2011,CENTRAL,LOVERS_DC,Mesocentrotus franciscanus,16,5.333333333333333,4.509249752822894,0.08888888888888888,0.07515416254704824
2011,CENTRAL,LOVERS_DC,Strongylocentrotus purpuratus,18,4.5,1.7320508075688772,0.075,0.02886751345948129
2011,CENTRAL,LOVERS_UC,Mesocentrotus franciscanus,1,1,NA,0.016666666666666666,NA
2011,CENTRAL,LOVERS_UC,Strongylocentrotus purpuratus,14,3.5,3.1091263510296048,0.058333333333333334,0.05181877251716009
2011,CENTRAL,MACABEE_DC,Mesocentrotus franciscanus,1,1,NA,0.016666666666666666,NA
2011,CENTRAL,MACABEE_DC,Strongylocentrotus purpuratus,6,3,0,0.05,0
2011,CENTRAL,MACABEE_UC,Mesocentrotus franciscanus,2,1,0,0.016666666666666666,0
2011,CENTRAL,MACABEE_UC,Strongylocentrotus purpuratus,3,1.5,0.7071067811865476,0.025,0.011785113019775792
2011,CENTRAL,MONASTERY_DC,Mesocentrotus franciscanus,6,2,1.7320508075688772,0.03333333333333333,0.02886751345948129
2011,CENTRAL,MONASTERY_DC,Strongylocentrotus purpuratus,7,3.5,0.7071067811865476,0.058333333333333334,0.01178511301977579
2011,CENTRAL,MONASTERY_UC,Mesocentrotus franciscanus,4,4,NA,0.06666666666666667,NA
2011,CENTRAL,MONASTERY_UC,Strongylocentrotus purpuratus,7,3.5,2.1213203435596424,0.058333333333333334,0.035355339059327376
2011,CENTRAL,OTTER_PT_DC,Mesocentrotus franciscanus,9,2.25,1.8929694486000912,0.0375,0.03154949081000152
2011,CENTRAL,OTTER_PT_DC,Strongylocentrotus purpuratus,23,4.6,3.7815340802378077,0.07666666666666666,0.06302556800396346
2011,CENTRAL,OTTER_PT_UC,Mesocentrotus franciscanus,23,5.75,2.753785273643051,0.09583333333333333,0.04589642122738418
2011,CENTRAL,OTTER_PT_UC,Strongylocentrotus purpuratus,13,3.25,1.5,0.05416666666666667,0.025
2011,CENTRAL,PESCADERO_DC,Mesocentrotus franciscanus,9,3,1,0.05,0.016666666666666666
2011,CENTRAL,PESCADERO_DC,Strongylocentrotus purpuratus,25,6.25,4.716990566028302,0.10416666666666666,0.07861650943380505
2011,CENTRAL,PESCADERO_UC,Mesocentrotus franciscanus,2,2,NA,0.03333333333333333,NA
2011,CENTRAL,PESCADERO_UC,Strongylocentrotus purpuratus,11,2.75,1.707825127659933,0.04583333333333333,0.02846375212766555
2011,CENTRAL,PINNACLES_IN,Mesocentrotus franciscanus,48,12,14.39907404430345,0.2,0.2399845674050575
2011,CENTRAL,PINNACLES_IN,Strongylocentrotus purpuratus,171,28.5,15.820872289478858,0.475,0.26368120482464763
2011,CENTRAL,PINNACLES_OUT,Mesocentrotus franciscanus,116,29,24.138489320308896,0.4833333333333334,0.40230815533848163
2011,CENTRAL,PINNACLES_OUT,Strongylocentrotus purpuratus,593,118.6,104.5815471295008,1.9766666666666668,1.7430257854916804
2011,CENTRAL,PINOS,Mesocentrotus franciscanus,45,11.25,11.615363389350618,0.1875,0.19358938982251028
2011,CENTRAL,PINOS,Strongylocentrotus purpuratus,26,6.5,5.916079783099616,0.10833333333333334,0.09860132971832694
2011,CENTRAL,PT_JOE,Mesocentrotus franciscanus,62,15.5,8.582928793055823,0.2583333333333333,0.14304881321759702
2011,CENTRAL,PT_JOE,Strongylocentrotus purpuratus,3,1.5,0.7071067811865476,0.025,0.011785113019775792
2011,CENTRAL,SIREN,Mesocentrotus franciscanus,7,2.3333333333333335,2.3094010767585034,0.03888888888888889,0.03849001794597505
2011,CENTRAL,SIREN,Strongylocentrotus purpuratus,1,1,NA,0.016666666666666666,NA
2011,CENTRAL,SPANISH_BAY_UC,Strongylocentrotus purpuratus,1,1,NA,0.016666666666666666,NA
2011,CENTRAL,STILLWATER_DC,Mesocentrotus franciscanus,1,1,NA,0.016666666666666666,NA
2011,CENTRAL,STILLWATER_DC,Strongylocentrotus purpuratus,1,1,NA,0.016666666666666666,NA
2011,CENTRAL,STILLWATER_UC,Mesocentrotus franciscanus,1,1,NA,0.016666666666666666,NA
2011,CENTRAL,STILLWATER_UC,Strongylocentrotus purpuratus,7,3.5,0.7071067811865476,0.058333333333333334,0.01178511301977579
2011,CENTRAL,WESTON_DC,Strongylocentrotus purpuratus,4,2,1.4142135623730951,0.03333333333333333,0.023570226039551587
2011,CENTRAL,WESTON_UC,Strongylocentrotus purpuratus,657,164.25,306.553285199599,2.7375,5.109221419993316
2012,CENTRAL,BLUEFISH_UC,Strongylocentrotus purpuratus,5,1.25,0.5,0.020833333333333332,0.008333333333333335
2012,CENTRAL,CANNERY_DC,Mesocentrotus franciscanus,17,8.5,10.606601717798213,0.14166666666666666,0.1767766952966369
2012,CENTRAL,CANNERY_DC,Strongylocentrotus purpuratus,30,7.5,5.196152422706632,0.125,0.08660254037844387
2012,CENTRAL,CANNERY_UC,Mesocentrotus franciscanus,11,2.75,1.2583057392117916,0.04583333333333334,0.020971762320196527
2012,CENTRAL,CANNERY_UC,Strongylocentrotus purpuratus,26,8.666666666666666,7.505553499465135,0.14444444444444443,0.1250925583244189
2012,CENTRAL,HOPKINS_DC,Strongylocentrotus purpuratus,25,5,4.183300132670378,0.08333333333333333,0.06972166887783963
2012,CENTRAL,HOPKINS_UC,Mesocentrotus franciscanus,6,3,1.4142135623730951,0.05,0.023570226039551584
2012,CENTRAL,HOPKINS_UC,Strongylocentrotus purpuratus,13,6.5,4.949747468305833,0.10833333333333334,0.08249579113843054
2012,CENTRAL,LOVERS_DC,Strongylocentrotus purpuratus,12,6,4.242640687119285,0.1,0.07071067811865475
2012,CENTRAL,LOVERS_UC,Mesocentrotus franciscanus,12,4,5.196152422706632,0.06666666666666667,0.08660254037844387
2012,CENTRAL,LOVERS_UC,Strongylocentrotus purpuratus,13,2.1666666666666665,2.0412414523193148,0.036111111111111115,0.03402069087198858
2012,CENTRAL,MACABEE_DC,Mesocentrotus franciscanus,3,3,NA,0.05,NA
2012,CENTRAL,MACABEE_DC,Strongylocentrotus purpuratus,2,2,NA,0.03333333333333333,NA
2012,CENTRAL,MACABEE_UC,Mesocentrotus franciscanus,9,3,2,0.05,0.03333333333333333
2012,CENTRAL,MACABEE_UC,Strongylocentrotus purpuratus,6,2,1.7320508075688772,0.03333333333333333,0.02886751345948129
2012,CENTRAL,MONASTERY_DC,Strongylocentrotus purpuratus,12,4,4.358898943540674,0.06666666666666667,0.0726483157256779
2012,CENTRAL,OTTER_PT_DC,Mesocentrotus franciscanus,8,2.6666666666666665,1.5275252316519465,0.044444444444444446,0.02545875386086578
2012,CENTRAL,OTTER_PT_DC,Strongylocentrotus purpuratus,13,4.333333333333333,2.0816659994661326,0.07222222222222222,0.034694433324435545
2012,CENTRAL,OTTER_PT_UC,Mesocentrotus franciscanus,11,2.75,2.362907813126304,0.04583333333333334,0.03938179688543841
2012,CENTRAL,OTTER_PT_UC,Strongylocentrotus purpuratus,17,4.25,4.573474244670748,0.07083333333333333,0.07622457074451246
2012,CENTRAL,PESCADERO_DC,Mesocentrotus franciscanus,1,1,NA,0.016666666666666666,NA
2012,CENTRAL,PESCADERO_DC,Strongylocentrotus purpuratus,28,4.666666666666666,4.844240566555987,0.07777777777777778,0.08073734277593311
2012,CENTRAL,PESCADERO_UC,Strongylocentrotus purpuratus,90,18,27.54087870784082,0.3,0.4590146451306804
2012,CENTRAL,PINOS,Mesocentrotus franciscanus,4,2,1.4142135623730951,0.03333333333333333,0.023570226039551587
2012,CENTRAL,PINOS,Strongylocentrotus purpuratus,1,1,NA,0.016666666666666666,NA
2012,CENTRAL,SIREN,Strongylocentrotus purpuratus,6,2,1,0.03333333333333333,0.01666666666666667
2012,CENTRAL,WESTON_UC,Strongylocentrotus purpuratus,11,3.6666666666666665,3.055050463303893,0.06111111111111111,0.05091750772173155
2013,CENTRAL,BLUEFISH_DC,Mesocentrotus franciscanus,2,1,0,0.016666666666666666,0
2013,CENTRAL,BLUEFISH_DC,Strongylocentrotus purpuratus,7,2.3333333333333335,1.5275252316519465,0.03888888888888889,0.02545875386086578
2013,CENTRAL,BLUEFISH_UC,Mesocentrotus franciscanus,1,1,NA,0.016666666666666666,NA
2013,CENTRAL,BLUEFISH_UC,Strongylocentrotus purpuratus,6,3,2.8284271247461903,0.05,0.04714045207910317
2013,CENTRAL,BUTTERFLY_DC,Strongylocentrotus purpuratus,6,2,1.7320508075688772,0.03333333333333333,0.028867513459481287
2013,CENTRAL,BUTTERFLY_UC,Mesocentrotus franciscanus,1,1,NA,0.016666666666666666,NA
2013,CENTRAL,BUTTERFLY_UC,Strongylocentrotus purpuratus,13,4.333333333333333,4.163331998932266,0.07222222222222222,0.06938886664887109
2013,CENTRAL,CANNERY_DC,Mesocentrotus franciscanus,3,3,NA,0.05,NA
2013,CENTRAL,CANNERY_DC,Strongylocentrotus purpuratus,82,20.5,15.50268793897798,0.3416666666666667,0.25837813231629964
2013,CENTRAL,CANNERY_UC,Mesocentrotus franciscanus,4,4,NA,0.06666666666666667,NA
2013,CENTRAL,CANNERY_UC,Strongylocentrotus purpuratus,11,3.6666666666666665,1.1547005383792515,0.06111111111111111,0.01924500897298752
2013,CENTRAL,HOPKINS_DC,Mesocentrotus franciscanus,1,1,NA,0.016666666666666666,NA
2013,CENTRAL,HOPKINS_DC,Strongylocentrotus purpuratus,17,4.25,2.6299556396765835,0.07083333333333333,0.043832593994609724
2013,CENTRAL,HOPKINS_UC,Strongylocentrotus purpuratus,25,5,5.656854249492381,0.08333333333333334,0.09428090415820635
2013,CENTRAL,LOVERS_DC,Mesocentrotus franciscanus,2,2,NA,0.03333333333333333,NA
2013,CENTRAL,LOVERS_DC,Strongylocentrotus purpuratus,3,1,0,0.016666666666666666,0
2013,CENTRAL,LOVERS_UC,Mesocentrotus franciscanus,1,1,NA,0.016666666666666666,NA
2013,CENTRAL,LOVERS_UC,Strongylocentrotus purpuratus,15,2.5,2.345207879911715,0.04166666666666667,0.03908679799852858
2013,CENTRAL,MACABEE_UC,Mesocentrotus franciscanus,12,4,1,0.06666666666666667,0.016666666666666663
2013,CENTRAL,MACABEE_UC,Strongylocentrotus purpuratus,44,8.8,4.969909455915671,0.14666666666666667,0.08283182426526119
2013,CENTRAL,MONASTERY_DC,Mesocentrotus franciscanus,1,1,NA,0.016666666666666666,NA
2013,CENTRAL,MONASTERY_DC,Strongylocentrotus purpuratus,3,1,0,0.016666666666666666,0
2013,CENTRAL,MONASTERY_UC,Mesocentrotus franciscanus,1,1,NA,0.016666666666666666,NA
2013,CENTRAL,MONASTERY_UC,Strongylocentrotus purpuratus,1,1,NA,0.016666666666666666,NA
2013,CENTRAL,OTTER_PT_DC,Mesocentrotus franciscanus,7,3.5,3.5355339059327378,0.058333333333333334,0.05892556509887897
2013,CENTRAL,OTTER_PT_DC,Strongylocentrotus purpuratus,13,4.333333333333333,2.8867513459481287,0.07222222222222223,0.04811252243246882
2013,CENTRAL,OTTER_PT_UC,Strongylocentrotus purpuratus,15,3.75,4.193248541803041,0.06249999999999999,0.06988747569671734
2013,CENTRAL,PESCADERO_DC,Strongylocentrotus purpuratus,10,3.3333333333333335,2.3094010767585034,0.05555555555555556,0.03849001794597506
2013,CENTRAL,PESCADERO_UC,Strongylocentrotus purpuratus,32,16,1.4142135623730951,0.26666666666666666,0.02357022603955158
2013,CENTRAL,PINOS,Mesocentrotus franciscanus,15,3.75,4.193248541803041,0.06249999999999999,0.06988747569671734
2013,CENTRAL,PINOS,Strongylocentrotus purpuratus,21,4.2,3.420526275297414,0.06999999999999999,0.057008771254956896
2013,CENTRAL,SIREN,Mesocentrotus franciscanus,4,1.3333333333333333,0.5773502691896257,0.022222222222222223,0.009622504486493762
2013,CENTRAL,SIREN,Strongylocentrotus purpuratus,2,2,NA,0.03333333333333333,NA
2013,CENTRAL,STILLWATER_DC,Strongylocentrotus purpuratus,5,2.5,2.1213203435596424,0.041666666666666664,0.035355339059327376
2013,CENTRAL,STILLWATER_UC,Strongylocentrotus purpuratus,5,2.5,0.7071067811865476,0.04166666666666667,0.011785113019775794
2013,CENTRAL,WESTON_DC,Strongylocentrotus purpuratus,2,2,NA,0.03333333333333333,NA
2013,CENTRAL,WESTON_UC,Mesocentrotus franciscanus,2,2,NA,0.03333333333333333,NA
2013,CENTRAL,WESTON_UC,Strongylocentrotus purpuratus,1,1,NA,0.016666666666666666,NA
2014,CENTRAL,BLUEFISH_DC,Mesocentrotus franciscanus,40,10,6,0.16666666666666666,0.1
2014,CENTRAL,BLUEFISH_DC,Strongylocentrotus purpuratus,251,41.833333333333336,27.658030780709364,0.6972222222222223,0.46096717967848944
2014,CENTRAL,BLUEFISH_UC,Mesocentrotus franciscanus,9,2.25,0.5,0.0375,0.008333333333333335
2014,CENTRAL,BLUEFISH_UC,Strongylocentrotus purpuratus,158,26.333333333333332,6.562519841239847,0.4388888888888889,0.1093753306873308
2014,CENTRAL,BUTTERFLY_DC,Mesocentrotus franciscanus,72,12,9.486832980505138,0.19999999999999998,0.15811388300841897
2014,CENTRAL,BUTTERFLY_DC,Strongylocentrotus purpuratus,258,43,29.711950457686214,0.7166666666666667,0.4951991742947702
2014,CENTRAL,BUTTERFLY_UC,Mesocentrotus franciscanus,14,3.5,2.6457513110645907,0.058333333333333334,0.044095855184409845
2014,CENTRAL,BUTTERFLY_UC,Strongylocentrotus purpuratus,116,19.333333333333332,13.321661558028964,0.3222222222222222,0.22202769263381605
2014,CENTRAL,CANNERY_DC,Mesocentrotus franciscanus,13,3.25,3.304037933599835,0.05416666666666667,0.05506729889333058
2014,CENTRAL,CANNERY_DC,Strongylocentrotus purpuratus,101,16.833333333333332,14.330619898199332,0.28055555555555556,0.23884366496998888
2014,CENTRAL,CANNERY_UC,Mesocentrotus franciscanus,2,2,NA,0.03333333333333333,NA
2014,CENTRAL,CANNERY_UC,Strongylocentrotus purpuratus,64,10.666666666666666,7.5277265270908105,0.17777777777777778,0.12546210878484684
2014,CENTRAL,HOPKINS_DC,Mesocentrotus franciscanus,5,2.5,0.7071067811865476,0.04166666666666667,0.011785113019775794
2014,CENTRAL,HOPKINS_DC,Strongylocentrotus purpuratus,54,13.5,21.11081871142535,0.225,0.35184697852375585
2014,CENTRAL,HOPKINS_UC,Mesocentrotus franciscanus,10,10,NA,0.16666666666666666,NA
2014,CENTRAL,HOPKINS_UC,Strongylocentrotus purpuratus,144,28.8,24.066574330386118,0.48,0.40110957217310195
2014,CENTRAL,LOVERS_DC,Mesocentrotus franciscanus,10,2.5,1.2909944487358056,0.041666666666666664,0.02151657414559676
2014,CENTRAL,LOVERS_DC,Strongylocentrotus purpuratus,92,15.333333333333334,9.542885657214315,0.25555555555555554,0.15904809428690525
2014,CENTRAL,LOVERS_UC,Mesocentrotus franciscanus,4,4,NA,0.06666666666666667,NA
2014,CENTRAL,LOVERS_UC,Strongylocentrotus purpuratus,93,15.5,7.44983221287567,0.2583333333333333,0.12416387021459452
2014,CENTRAL,MACABEE_DC,Strongylocentrotus purpuratus,28,5.6,8.61974477580398,0.09333333333333332,0.14366241293006632
2014,CENTRAL,MACABEE_UC,Mesocentrotus franciscanus,9,3,1.7320508075688772,0.05,0.02886751345948129
2014,CENTRAL,MACABEE_UC,Strongylocentrotus purpuratus,30,7.5,3.7859388972001824,0.125,0.06309898162000305
2014,CENTRAL,MONASTERY_DC,Mesocentrotus franciscanus,38,6.333333333333333,5.163977794943222,0.10555555555555556,0.08606629658238703
2014,CENTRAL,MONASTERY_DC,Strongylocentrotus purpuratus,610,101.66666666666666,80.4603421982946,1.6944444444444444,1.3410057033049099
2014,CENTRAL,MONASTERY_UC,Mesocentrotus franciscanus,28,5.6,5.458937625582473,0.09333333333333334,0.09098229375970789
2014,CENTRAL,MONASTERY_UC,Strongylocentrotus purpuratus,366,61,70.65408693062278,1.0166666666666666,1.1775681155103794
2014,CENTRAL,OTTER_PT_DC,Mesocentrotus franciscanus,13,4.333333333333333,4.932882862316247,0.07222222222222222,0.08221471437193745
2014,CENTRAL,OTTER_PT_DC,Strongylocentrotus purpuratus,517,103.4,146.19268107535345,1.7233333333333332,2.436544684589224
2014,CENTRAL,OTTER_PT_UC,Mesocentrotus franciscanus,14,7,2.8284271247461903,0.11666666666666667,0.04714045207910317
2014,CENTRAL,OTTER_PT_UC,Strongylocentrotus purpuratus,96,24,16.06237840420901,0.4,0.26770630673681683
2014,CENTRAL,PESCADERO_DC,Mesocentrotus franciscanus,10,2.5,1,0.041666666666666664,0.01666666666666667
2014,CENTRAL,PESCADERO_DC,Strongylocentrotus purpuratus,119,19.833333333333332,12.512660255384011,0.33055555555555555,0.2085443375897335
2014,CENTRAL,PESCADERO_UC,Mesocentrotus franciscanus,5,2.5,2.1213203435596424,0.041666666666666664,0.035355339059327376
2014,CENTRAL,PESCADERO_UC,Strongylocentrotus purpuratus,939,156.5,94.87201905725418,2.6083333333333334,1.5812003176209029
2014,CENTRAL,PINOS,Mesocentrotus franciscanus,42,10.5,11.030261405182864,0.175,0.1838376900863811
2014,CENTRAL,PINOS,Strongylocentrotus purpuratus,817,136.16666666666669,200.96210256331085,2.2694444444444444,3.349368376055181
2014,CENTRAL,SIREN,Mesocentrotus franciscanus,4,4,NA,0.06666666666666667,NA
2014,CENTRAL,SIREN,Strongylocentrotus purpuratus,12,6,2.8284271247461903,0.1,0.04714045207910317
2014,CENTRAL,STILLWATER_DC,Mesocentrotus franciscanus,38,6.333333333333334,6.501281924871946,0.10555555555555556,0.10835469874786575
2014,CENTRAL,STILLWATER_DC,Strongylocentrotus purpuratus,152,25.333333333333332,17.851237118661178,0.4222222222222222,0.297520618644353
2014,CENTRAL,STILLWATER_UC,Mesocentrotus franciscanus,15,3.75,2.217355782608345,0.0625,0.036955929710139085
2014,CENTRAL,STILLWATER_UC,Strongylocentrotus purpuratus,128,25.6,26.12087287974887,0.4266666666666667,0.43534788132914787
2014,CENTRAL,WESTON_DC,Mesocentrotus franciscanus,10,5,5.656854249492381,0.08333333333333333,0.09428090415820634
2014,CENTRAL,WESTON_DC,Strongylocentrotus purpuratus,895,149.16666666666669,216.38522746866678,2.4861111111111107,3.606420457811113
2014,CENTRAL,WESTON_UC,Mesocentrotus franciscanus,6,1.5,1,0.025,0.01666666666666667
2014,CENTRAL,WESTON_UC,Strongylocentrotus purpuratus,881,146.83333333333334,130.90670978474202,2.447222222222222,2.1817784964123668
2015,CENTRAL,BLUEFISH_DC,Mesocentrotus franciscanus,312,52,39.186732448623474,0.8666666666666667,0.653112207477058
2015,CENTRAL,BLUEFISH_DC,Strongylocentrotus purpuratus,4014,669,307.4384491243735,11.15,5.123974152072892
2015,CENTRAL,BLUEFISH_UC,Mesocentrotus franciscanus,152,30.4,27.655017627909768,0.5066666666666667,0.46091696046516284
2015,CENTRAL,BLUEFISH_UC,Strongylocentrotus purpuratus,540,90,31.438829494750596,1.5,0.5239804915791766
2015,CENTRAL,BUTTERFLY_DC,Mesocentrotus franciscanus,249,41.5,31.551545128567,0.6916666666666667,0.5258590854761167
2015,CENTRAL,BUTTERFLY_DC,Strongylocentrotus purpuratus,4255,709.1666666666666,876.4006884220635,11.819444444444445,14.606678140367725
2015,CENTRAL,BUTTERFLY_UC,Mesocentrotus franciscanus,165,27.5,19.023669467271553,0.4583333333333333,0.31706115778785926
2015,CENTRAL,BUTTERFLY_UC,Strongylocentrotus purpuratus,837,139.5,77.51838491609587,2.3249999999999997,1.291973081934931
2015,CENTRAL,CANNERY_DC,Mesocentrotus franciscanus,31,7.75,6.994045086119096,0.12916666666666665,0.11656741810198493
2015,CENTRAL,CANNERY_DC,Strongylocentrotus purpuratus,593,98.83333333333334,124.27617095270786,1.6472222222222221,2.0712695158784644
2015,CENTRAL,CANNERY_UC,Mesocentrotus franciscanus,64,10.666666666666666,9.395034149308168,0.17777777777777778,0.15658390248846948
2015,CENTRAL,CANNERY_UC,Strongylocentrotus purpuratus,520,86.66666666666666,87.44064653618857,1.4444444444444444,1.457344108936476
2015,CENTRAL,HOPKINS_DC,Mesocentrotus franciscanus,64,12.8,14.805404418657398,0.21333333333333332,0.24675674031095662
2015,CENTRAL,HOPKINS_DC,Strongylocentrotus purpuratus,494,82.33333333333333,69.15682660928468,1.3722222222222222,1.1526137768214115
2015,CENTRAL,HOPKINS_UC,Mesocentrotus franciscanus,33,5.5,4.847679857416329,0.09166666666666666,0.08079466429027214
2015,CENTRAL,HOPKINS_UC,Strongylocentrotus purpuratus,261,43.5,13.065221008463652,0.725,0.21775368347439417
2015,CENTRAL,LOVERS_DC,Mesocentrotus franciscanus,235,58.75,25.395209522007622,0.9791666666666667,0.4232534920334604
2015,CENTRAL,LOVERS_DC,Strongylocentrotus purpuratus,2505,417.5,547.1324336940737,6.958333333333334,9.11887389490123
2015,CENTRAL,LOVERS_UC,Mesocentrotus franciscanus,55,9.166666666666666,6.968978882638881,0.15277777777777776,0.11614964804398134
2015,CENTRAL,LOVERS_UC,Strongylocentrotus purpuratus,433,72.16666666666667,31.47326908134372,1.2027777777777777,0.524554484689062
2015,CENTRAL,MACABEE_DC,Mesocentrotus franciscanus,29,7.25,7.455423082115014,0.12083333333333332,0.12425705136858356
2015,CENTRAL,MACABEE_DC,Strongylocentrotus purpuratus,956,159.33333333333334,283.2939580482906,2.655555555555556,4.721565967471511
2015,CENTRAL,MACABEE_UC,Mesocentrotus franciscanus,101,25.25,14.974979131871937,0.42083333333333334,0.24958298553119895
2015,CENTRAL,MACABEE_UC,Strongylocentrotus purpuratus,286,47.666666666666664,85.60529578633945,0.7944444444444444,1.426754929772324
2015,CENTRAL,MONASTERY_DC,Mesocentrotus franciscanus,192,32,27.828043409481737,0.5333333333333333,0.4638007234913623
2015,CENTRAL,MONASTERY_DC,Strongylocentrotus purpuratus,2939,489.8333333333333,351.14693031075564,8.16388888888889,5.8524488385125935
2015,CENTRAL,MONASTERY_UC,Mesocentrotus franciscanus,110,18.333333333333332,16.366632722300167,0.3055555555555556,0.27277721203833616
2015,CENTRAL,MONASTERY_UC,Strongylocentrotus purpuratus,873,145.5,100.7745007429955,2.425,1.6795750123832582
2015,CENTRAL,OTTER_PT_DC,Mesocentrotus franciscanus,183,36.6,27.40072991728505,0.61,0.45667883195475084
2015,CENTRAL,OTTER_PT_DC,Strongylocentrotus purpuratus,1302,217,158.40707054926557,3.6166666666666663,2.6401178424877596
2015,CENTRAL,OTTER_PT_UC,Mesocentrotus franciscanus,278,55.6,64.91764012962886,0.9266666666666666,1.0819606688271477
2015,CENTRAL,OTTER_PT_UC,Strongylocentrotus purpuratus,839,139.83333333333334,112.85817058001014,2.3305555555555557,1.880969509666836
2015,CENTRAL,PESCADERO_DC,Mesocentrotus franciscanus,146,36.5,21.07921567168317,0.6083333333333334,0.35132026119471954
2015,CENTRAL,PESCADERO_DC,Strongylocentrotus purpuratus,3829,638.1666666666666,1079.5073722150612,10.636111111111111,17.991789536917683
2015,CENTRAL,PESCADERO_UC,Mesocentrotus franciscanus,128,32,20.445048300260872,0.5333333333333333,0.34075080500434796
2015,CENTRAL,PESCADERO_UC,Strongylocentrotus purpuratus,3098,516.3333333333334,503.5373537947971,8.605555555555554,8.392289229913285
2015,CENTRAL,PINOS,Mesocentrotus franciscanus,536,107.2,73.95742018215617,1.7866666666666666,1.232623669702603
2015,CENTRAL,PINOS,Strongylocentrotus purpuratus,1730,288.3333333333333,163.8739352876676,4.805555555555555,2.73123225479446
2015,CENTRAL,SIREN,Mesocentrotus franciscanus,41,6.833333333333333,7.026141662866375,0.11388888888888889,0.11710236104777291
2015,CENTRAL,SIREN,Strongylocentrotus purpuratus,177,29.5,28.766299727285052,0.49166666666666664,0.4794383287880841
2015,CENTRAL,STILLWATER_DC,Mesocentrotus franciscanus,140,23.333333333333336,29.00804486115303,0.3888888888888889,0.48346741435255053
2015,CENTRAL,STILLWATER_DC,Strongylocentrotus purpuratus,2760,460,597.1328160468155,7.666666666666666,9.95221360078026
2015,CENTRAL,STILLWATER_UC,Mesocentrotus franciscanus,141,23.5,10.765686229869418,0.39166666666666666,0.17942810383115695
2015,CENTRAL,STILLWATER_UC,Strongylocentrotus purpuratus,3287,547.8333333333333,718.5522713530775,9.130555555555556,11.975871189217958
2015,CENTRAL,WESTON_UC,Mesocentrotus franciscanus,212,35.333333333333336,21.153407920868602,0.5888888888888889,0.3525567986811434
2015,CENTRAL,WESTON_UC,Strongylocentrotus purpuratus,9765,1627.5,1392.2572678926838,27.125,23.204287798211396
2016,CENTRAL,BLUEFISH_DC,Mesocentrotus franciscanus,491,81.83333333333333,59.37479824527125,1.363888888888889,0.989579970754521
2016,CENTRAL,BLUEFISH_DC,Strongylocentrotus purpuratus,2832,472,249.5395760195164,7.866666666666666,4.158992933658607
2016,CENTRAL,BLUEFISH_UC,Mesocentrotus franciscanus,140,28,26.645825188948457,0.4666666666666667,0.4440970864824742
2016,CENTRAL,BLUEFISH_UC,Strongylocentrotus purpuratus,1697,282.83333333333337,290.2105557464557,4.713888888888889,4.836842595774262
2016,CENTRAL,HOPKINS_DC,Mesocentrotus franciscanus,50,8.333333333333332,13.170674495509584,0.1388888888888889,0.21951124159182642
2016,CENTRAL,HOPKINS_DC,Strongylocentrotus purpuratus,944,157.33333333333331,151.18024562311925,2.6222222222222222,2.519670760385321
2016,CENTRAL,HOPKINS_UC,Mesocentrotus franciscanus,85,14.166666666666666,3.2506409624359724,0.2361111111111111,0.05417734937393288
2016,CENTRAL,HOPKINS_UC,Strongylocentrotus purpuratus,1916,319.3333333333333,210.46963359750183,5.322222222222222,3.5078272266250305
2016,CENTRAL,LONE_TREE,Mesocentrotus franciscanus,287,47.833333333333336,33.4927852927562,0.7972222222222223,0.5582130882126035
2016,CENTRAL,LONE_TREE,Strongylocentrotus purpuratus,13123,2187.1666666666665,1060.9745362951303,36.452777777777776,17.682908938252172
2016,CENTRAL,LOVERS_DC,Mesocentrotus franciscanus,72,12,10.392304845413264,0.2,0.17320508075688776
2016,CENTRAL,LOVERS_DC,Strongylocentrotus purpuratus,653,108.83333333333334,80.44480509434196,1.8138888888888887,1.3407467515723661
2016,CENTRAL,LOVERS_UC,Mesocentrotus franciscanus,44,7.333333333333333,6.345602151621757,0.12222222222222222,0.1057600358603626
2016,CENTRAL,LOVERS_UC,Strongylocentrotus purpuratus,706,117.66666666666667,78.55104497501397,1.961111111111111,1.3091840829168992
2016,CENTRAL,MACABEE_DC,Mesocentrotus franciscanus,30,6,3.9370039370059056,0.1,0.06561673228343178
2016,CENTRAL,MACABEE_DC,Strongylocentrotus purpuratus,432,72,74.92396145426375,1.2,1.2487326909043959
2016,CENTRAL,MACABEE_UC,Mesocentrotus franciscanus,60,12,11.597413504743201,0.2,0.19329022507905336
2016,CENTRAL,MACABEE_UC,Strongylocentrotus purpuratus,311,51.83333333333333,53.994135484019615,0.8638888888888889,0.8999022580669936
2016,CENTRAL,MONASTERY_DC,Mesocentrotus franciscanus,127,25.4,21.709444949145983,0.42333333333333334,0.36182408248576636
2016,CENTRAL,MONASTERY_DC,Strongylocentrotus purpuratus,2099,349.8333333333333,324.81220215174596,5.830555555555556,5.4135367025290995
2016,CENTRAL,MONASTERY_UC,Mesocentrotus franciscanus,131,26.2,15.482247898803328,0.43666666666666665,0.2580374649800555
2016,CENTRAL,MONASTERY_UC,Strongylocentrotus purpuratus,551,91.83333333333333,69.60579477792541,1.5305555555555557,1.1600965796320901
2016,CENTRAL,OTTER_PT_DC,Mesocentrotus franciscanus,281,46.833333333333336,31.86481863539579,0.7805555555555556,0.5310803105899298
2016,CENTRAL,OTTER_PT_DC,Strongylocentrotus purpuratus,1242,207,146.1396592304772,3.45,2.4356609871746198
2016,CENTRAL,OTTER_PT_UC,Mesocentrotus franciscanus,336,56,50.27922035990614,0.9333333333333333,0.8379870059984356
2016,CENTRAL,OTTER_PT_UC,Strongylocentrotus purpuratus,612,102,101.31337522755818,1.7,1.6885562537926362
2016,CENTRAL,PESCADERO_DC,Mesocentrotus franciscanus,325,65,45.348649373492925,1.0833333333333333,0.7558108228915488
2016,CENTRAL,PESCADERO_DC,Strongylocentrotus purpuratus,2139,356.5,358.68133489212954,5.941666666666666,5.9780222482021586
2016,CENTRAL,PINOS,Mesocentrotus franciscanus,569,113.8,85.52017305875847,1.8966666666666667,1.4253362176459747
2016,CENTRAL,PINOS,Strongylocentrotus purpuratus,1049,174.83333333333334,150.74006324354076,2.9138888888888888,2.512334387392346
2016,CENTRAL,SIREN,Mesocentrotus franciscanus,20,4,3.9370039370059056,0.06666666666666667,0.06561673228343175
2016,CENTRAL,SIREN,Strongylocentrotus purpuratus,345,57.5,30.124740662784138,0.9583333333333333,0.5020790110464023
2016,CENTRAL,STILLWATER_DC,Mesocentrotus franciscanus,40,8,6.670832032063167,0.13333333333333333,0.11118053386771945
2016,CENTRAL,STILLWATER_DC,Strongylocentrotus purpuratus,648,129.6,117.77648322139694,2.16,1.9629413870232828
2016,CENTRAL,STILLWATER_UC,Mesocentrotus franciscanus,81,16.2,14.237275020171522,0.27,0.23728791700285873
2016,CENTRAL,STILLWATER_UC,Strongylocentrotus purpuratus,4061,676.8333333333333,1245.0786989851954,11.280555555555555,20.75131164975326
2016,CENTRAL,WESTON_DC,Mesocentrotus franciscanus,173,43.25,32.159757461772,0.7208333333333333,0.5359959576962
2016,CENTRAL,WESTON_DC,Strongylocentrotus purpuratus,439,109.75,51.13625589214238,1.8291666666666666,0.8522709315357063
2016,CENTRAL,WESTON_UC,Mesocentrotus franciscanus,214,35.666666666666664,35.13782387494516,0.5944444444444444,0.5856303979157528
2016,CENTRAL,WESTON_UC,Strongylocentrotus purpuratus,10089,1681.5,920.1414565163337,28.025000000000002,15.335690941938894
2017,CENTRAL,BLUEFISH_DC,Mesocentrotus franciscanus,207,51.75,24.12985702402731,0.8625,0.4021642837337884
2017,CENTRAL,BLUEFISH_DC,Strongylocentrotus purpuratus,2737,456.1666666666667,412.9679971458644,7.602777777777778,6.882799952431074
2017,CENTRAL,BLUEFISH_UC,Mesocentrotus franciscanus,187,37.4,31.651224304914336,0.6233333333333333,0.5275204050819056
2017,CENTRAL,BLUEFISH_UC,Strongylocentrotus purpuratus,2067,344.5,232.43730337447988,5.741666666666667,3.8739550562413316
2017,CENTRAL,BUTTERFLY_DC,Mesocentrotus franciscanus,278,55.6,38.409634208099405,0.9266666666666666,0.6401605701349901
2017,CENTRAL,BUTTERFLY_DC,Strongylocentrotus purpuratus,606,101,72.04720674668796,1.6833333333333333,1.2007867791114661
2017,CENTRAL,BUTTERFLY_UC,Mesocentrotus franciscanus,627,125.4,96.01718596168084,2.0900000000000003,1.6002864326946806
2017,CENTRAL,BUTTERFLY_UC,Strongylocentrotus purpuratus,2619,436.5,261.46261683078137,7.2749999999999995,4.357710280513023
2017,CENTRAL,CANNERY_DC,Mesocentrotus franciscanus,424,84.8,68.33154469203811,1.4133333333333333,1.138859078200635
2017,CENTRAL,CANNERY_DC,Strongylocentrotus purpuratus,4213,842.6,618.6940277714017,14.043333333333333,10.311567129523363
2017,CENTRAL,CANNERY_UC,Mesocentrotus franciscanus,132,22,16.161683080669537,0.3666666666666667,0.26936138467782567
2017,CENTRAL,CANNERY_UC,Strongylocentrotus purpuratus,1410,235,111.42351636885277,3.916666666666667,1.857058606147546
2017,CENTRAL,CYPRESS_PT_DC,Mesocentrotus franciscanus,125,62.5,61.518289963229634,1.0416666666666665,1.0253048327204939
2017,CENTRAL,CYPRESS_PT_DC,Strongylocentrotus purpuratus,2334,1167,479.4183976444792,19.450000000000003,7.990306627407988
2017,CENTRAL,HOPKINS_DC,Mesocentrotus franciscanus,359,59.83333333333333,55.50285277953437,0.9972222222222222,0.925047546325573
2017,CENTRAL,HOPKINS_DC,Strongylocentrotus purpuratus,4726,787.6666666666666,375.4233166262675,13.127777777777778,6.257055277104458
2017,CENTRAL,HOPKINS_UC,Mesocentrotus franciscanus,120,20,12.853015210447703,0.3333333333333333,0.21421692017412838
2017,CENTRAL,HOPKINS_UC,Strongylocentrotus purpuratus,1131,188.5,121.05659833317637,3.1416666666666666,2.0176099722196064
2017,CENTRAL,LONE_TREE,Mesocentrotus franciscanus,303,50.5,33.086250920888574,0.8416666666666667,0.5514375153481429
2017,CENTRAL,LONE_TREE,Strongylocentrotus purpuratus,5843,973.8333333333333,750.5457791944916,16.230555555555554,12.509096319908195
2017,CENTRAL,LOVERS_DC,Mesocentrotus franciscanus,232,38.666666666666664,32.36458970335738,0.6444444444444445,0.5394098283892897
2017,CENTRAL,LOVERS_DC,Strongylocentrotus purpuratus,3649,608.1666666666666,452.1408703785433,10.136111111111111,7.535681172975721
2017,CENTRAL,LOVERS_UC,Mesocentrotus franciscanus,400,66.66666666666666,75.50011037519526,1.1111111111111112,1.2583351729199208
2017,CENTRAL,LOVERS_UC,Strongylocentrotus purpuratus,3813,635.5,204.71907580877752,10.591666666666667,3.4119845968129585
2017,CENTRAL,MACABEE_DC,Mesocentrotus franciscanus,99,24.75,8.261355820929152,0.41250000000000003,0.13768926368215256
2017,CENTRAL,MACABEE_DC,Strongylocentrotus purpuratus,592,148,117.04130325088946,2.466666666666667,1.950688387514824
2017,CENTRAL,MACABEE_UC,Mesocentrotus franciscanus,283,47.166666666666664,13.452385166455302,0.7861111111111111,0.2242064194409217
2017,CENTRAL,MACABEE_UC,Strongylocentrotus purpuratus,1907,317.8333333333333,84.42610180901796,5.2972222222222225,1.407101696816966
2017,CENTRAL,MONASTERY_DC,Mesocentrotus franciscanus,159,26.5,24.841497539399672,0.44166666666666665,0.41402495898999453
2017,CENTRAL,MONASTERY_DC,Strongylocentrotus purpuratus,768,128,50.011998560345496,2.1333333333333333,0.8335333093390916
2017,CENTRAL,MONASTERY_UC,Mesocentrotus franciscanus,561,93.5,88.51158116314497,1.5583333333333333,1.4751930193857494
2017,CENTRAL,MONASTERY_UC,Strongylocentrotus purpuratus,3129,521.5,373.5418316601234,8.691666666666666,6.225697194335392
2017,CENTRAL,OTTER_PT_DC,Mesocentrotus franciscanus,328,54.666666666666664,39.76765855147455,0.911111111111111,0.6627943091912424
2017,CENTRAL,OTTER_PT_DC,Strongylocentrotus purpuratus,3076,512.6666666666666,257.3858322959262,8.544444444444444,4.289763871598771
2017,CENTRAL,OTTER_PT_UC,Mesocentrotus franciscanus,639,106.5,113.06414108814518,1.7750000000000001,1.8844023514690862
2017,CENTRAL,OTTER_PT_UC,Strongylocentrotus purpuratus,1811,301.8333333333333,194.8008384649991,5.030555555555556,3.2466806410833184
2017,CENTRAL,PESCADERO_DC,Mesocentrotus franciscanus,460,76.66666666666667,64.26715075889601,1.2777777777777777,1.0711191793149333
2017,CENTRAL,PESCADERO_DC,Strongylocentrotus purpuratus,3262,543.6666666666666,433.26789249454737,9.06111111111111,7.221131541575789
2017,CENTRAL,PESCADERO_UC,Mesocentrotus franciscanus,347,57.833333333333336,39.33658178676264,0.9638888888888889,0.655609696446044
2017,CENTRAL,PESCADERO_UC,Strongylocentrotus purpuratus,21465,3577.5,4005.1519197154057,59.62500000000001,66.75253199525676
2017,CENTRAL,PINOS,Mesocentrotus franciscanus,374,74.8,80.27888888119963,1.2466666666666666,1.3379814813533275
2017,CENTRAL,PINOS,Strongylocentrotus purpuratus,4845,807.5,1676.7612531305701,13.458333333333332,27.946020885509505
2017,CENTRAL,SIREN,Mesocentrotus franciscanus,69,11.5,12.84912448379266,0.19166666666666668,0.2141520747298777
2017,CENTRAL,SIREN,Strongylocentrotus purpuratus,1256,209.33333333333334,176.55896087898418,3.488888888888889,2.9426493479830693
2017,CENTRAL,STILLWATER_DC,Mesocentrotus franciscanus,100,16.666666666666668,6.918574034197124,0.2777777777777778,0.11530956723661874
2017,CENTRAL,STILLWATER_DC,Strongylocentrotus purpuratus,5414,902.3333333333333,1672.0602461235262,15.038888888888888,27.86767076872543
2017,CENTRAL,STILLWATER_UC,Mesocentrotus franciscanus,182,36.4,24.141251003210254,0.6066666666666667,0.4023541833868375
2017,CENTRAL,STILLWATER_UC,Strongylocentrotus purpuratus,771,128.5,126.27074087055955,2.1416666666666666,2.1045123478426593
2017,CENTRAL,WESTON_DC,Mesocentrotus franciscanus,90,15,16.186414056238647,0.25,0.26977356760397747
2017,CENTRAL,WESTON_DC,Strongylocentrotus purpuratus,3826,637.6666666666667,779.8496436279667,10.627777777777776,12.997494060466112
2017,CENTRAL,WESTON_UC,Mesocentrotus franciscanus,364,60.666666666666664,33.140106618215135,1.011111111111111,0.5523351103035856
2017,CENTRAL,WESTON_UC,Strongylocentrotus purpuratus,5181,863.5,889.5645563982414,14.391666666666666,14.826075939970687
2018,CENTRAL,BLUEFISH_DC,Mesocentrotus franciscanus,352,88,61.02458520956943,1.4666666666666666,1.0170764201594904
2018,CENTRAL,BLUEFISH_DC,Strongylocentrotus purpuratus,5346,891,770.6547865289621,14.85,12.844246442149368
2018,CENTRAL,BLUEFISH_UC,Mesocentrotus franciscanus,340,56.666666666666664,34.08029733829602,0.9444444444444444,0.5680049556382669
2018,CENTRAL,BLUEFISH_UC,Strongylocentrotus purpuratus,3427,571.1666666666666,260.84203393369455,9.519444444444444,4.347367232228243
2018,CENTRAL,BUTTERFLY_DC,Mesocentrotus franciscanus,162,27,28.865203966021095,0.45,0.4810867327670183
2018,CENTRAL,BUTTERFLY_DC,Strongylocentrotus purpuratus,690,115,92.07388337634076,1.9166666666666667,1.5345647229390125
2018,CENTRAL,BUTTERFLY_UC,Mesocentrotus franciscanus,345,57.5,48.471641193588646,0.9583333333333333,0.8078606865598109
2018,CENTRAL,BUTTERFLY_UC,Strongylocentrotus purpuratus,3930,655,571.5291768580148,10.916666666666666,9.525486280966915
2018,CENTRAL,CANNERY_DC,Mesocentrotus franciscanus,239,59.75,42.99903099683372,0.9958333333333333,0.7166505166138952
2018,CENTRAL,CANNERY_DC,Strongylocentrotus purpuratus,1661,276.8333333333333,197.05777494599562,4.613888888888889,3.2842962490999272
2018,CENTRAL,CANNERY_UC,Mesocentrotus franciscanus,132,22,6.29285308902091,0.3666666666666667,0.10488088481701516
2018,CENTRAL,CANNERY_UC,Strongylocentrotus purpuratus,3650,608.3333333333333,866.3423495747317,10.13888888888889,14.439039159578863
2018,CENTRAL,CYPRESS_PT_DC,Mesocentrotus franciscanus,333,66.6,33.967631651323586,1.11,0.5661271941887265
2018,CENTRAL,CYPRESS_PT_DC,Strongylocentrotus purpuratus,7496,1249.3333333333333,1282.3655745015406,20.822222222222223,21.37275957502568
2018,CENTRAL,HOPKINS_DC,Mesocentrotus franciscanus,529,88.16666666666666,83.41802363198654,1.4694444444444446,1.3903003938664424
2018,CENTRAL,HOPKINS_DC,Strongylocentrotus purpuratus,6220,1036.6666666666667,755.5545424829809,17.27777777777778,12.592575708049683
2018,CENTRAL,HOPKINS_UC,Mesocentrotus franciscanus,398,66.33333333333333,71.4889268814875,1.1055555555555554,1.1914821146914583
2018,CENTRAL,HOPKINS_UC,Strongylocentrotus purpuratus,1944,324,268.9460912525036,5.3999999999999995,4.482434854208393
2018,CENTRAL,LONE_TREE,Mesocentrotus franciscanus,208,41.6,32.62361108154645,0.6933333333333334,0.5437268513591074
2018,CENTRAL,LONE_TREE,Strongylocentrotus purpuratus,2400,400,332.47435991366314,6.666666666666666,5.541239331894386
2018,CENTRAL,LOVERS_DC,Mesocentrotus franciscanus,262,52.4,26.745093007877163,0.8733333333333333,0.4457515501312861
2018,CENTRAL,LOVERS_DC,Strongylocentrotus purpuratus,4128,688,508.74512282674516,11.466666666666667,8.479085380445753
2018,CENTRAL,LOVERS_UC,Mesocentrotus franciscanus,444,74,38.82782507429434,1.2333333333333334,0.6471304179049057
2018,CENTRAL,LOVERS_UC,Strongylocentrotus purpuratus,5394,899,407.00663385257,14.983333333333333,6.783443897542834
2018,CENTRAL,MACABEE_DC,Mesocentrotus franciscanus,98,24.5,11,0.4083333333333333,0.18333333333333332
2018,CENTRAL,MACABEE_DC,Strongylocentrotus purpuratus,1835,305.8333333333333,523.0905912618451,5.097222222222222,8.71817652103075
2018,CENTRAL,MACABEE_UC,Mesocentrotus franciscanus,187,37.4,30.385851970942003,0.6233333333333333,0.5064308661823667
2018,CENTRAL,MACABEE_UC,Strongylocentrotus purpuratus,1416,236,248.2965968353171,3.933333333333333,4.138276613921952
2018,CENTRAL,MONASTERY_DC,Mesocentrotus franciscanus,415,69.16666666666667,52.16288591198408,1.1527777777777777,0.8693814318664013
2018,CENTRAL,MONASTERY_DC,Strongylocentrotus purpuratus,10375,1729.1666666666667,1866.870045468261,28.819444444444443,31.114500757804347
2018,CENTRAL,MONASTERY_UC,Mesocentrotus franciscanus,256,42.666666666666664,65.99898989126021,0.711111111111111,1.0999831648543368
2018,CENTRAL,MONASTERY_UC,Strongylocentrotus purpuratus,4395,732.5,891.2101323481461,12.208333333333334,14.853502205802434
2018,CENTRAL,OTTER_PT_DC,Mesocentrotus franciscanus,1141,190.16666666666666,126.17989802922914,3.1694444444444443,2.1029983004871524
2018,CENTRAL,OTTER_PT_DC,Strongylocentrotus purpuratus,4214,702.3333333333334,442.62610255910874,11.705555555555556,7.37710170931848
2018,CENTRAL,OTTER_PT_UC,Mesocentrotus franciscanus,608,101.33333333333333,43.39431606404998,1.6888888888888889,0.7232386010674998
2018,CENTRAL,OTTER_PT_UC,Strongylocentrotus purpuratus,6020,1003.3333333333334,647.6893288195095,16.72222222222222,10.794822146991825
2018,CENTRAL,PESCADERO_DC,Mesocentrotus franciscanus,385,96.25,59.12345840132606,1.6041666666666665,0.9853909733554344
2018,CENTRAL,PESCADERO_DC,Strongylocentrotus purpuratus,3610,601.6666666666666,620.6630862768195,10.027777777777779,10.344384771280325
2018,CENTRAL,PESCADERO_UC,Mesocentrotus franciscanus,267,44.5,21.658716490133944,0.7416666666666667,0.36097860816889904
2018,CENTRAL,PESCADERO_UC,Strongylocentrotus purpuratus,8080,1346.6666666666667,1019.8356076675626,22.444444444444446,16.99726012779271
2018,CENTRAL,PINOS,Mesocentrotus franciscanus,257,42.833333333333336,39.30097539077964,0.7138888888888889,0.655016256512994
2018,CENTRAL,PINOS,Strongylocentrotus purpuratus,1222,203.66666666666666,141.0498729764287,3.394444444444445,2.350831216273811
2018,CENTRAL,SIREN,Mesocentrotus franciscanus,383,63.833333333333336,48.5609582552349,1.0638888888888889,0.809349304253915
2018,CENTRAL,SIREN,Strongylocentrotus purpuratus,1963,327.1666666666667,249.44371442605376,5.4527777777777775,4.15739524043423
2018,CENTRAL,STILLWATER_DC,Mesocentrotus franciscanus,106,17.666666666666668,5.853773711604051,0.29444444444444445,0.09756289519340086
2018,CENTRAL,STILLWATER_DC,Strongylocentrotus purpuratus,2885,480.83333333333337,511.44673883667167,8.01388888888889,8.524112313944528
2018,CENTRAL,STILLWATER_UC,Mesocentrotus franciscanus,143,28.6,26.500943379434627,0.4766666666666666,0.44168238965724377
2018,CENTRAL,STILLWATER_UC,Strongylocentrotus purpuratus,1146,191,265.8849375199731,3.183333333333333,4.4314156253328845
2018,CENTRAL,WESTON_DC,Mesocentrotus franciscanus,252,42,23.11709324287982,0.7,0.3852848873813304
2018,CENTRAL,WESTON_DC,Strongylocentrotus purpuratus,6450,1075,887.1252448217218,17.916666666666664,14.785420747028699
2018,CENTRAL,WESTON_UC,Mesocentrotus franciscanus,308,51.333333333333336,23.491842555803633,0.8555555555555556,0.39153070926339395
2018,CENTRAL,WESTON_UC,Strongylocentrotus purpuratus,21604,3600.666666666667,3686.5309800226373,60.01111111111111,61.442183000377284
2019,CENTRAL,BLUEFISH_DC,Mesocentrotus franciscanus,257,51.4,32.323366161339074,0.8566666666666667,0.5387227693556512
2019,CENTRAL,BLUEFISH_DC,Strongylocentrotus purpuratus,3978,663,487.4230195630896,11.05,8.12371699271816
2019,CENTRAL,BLUEFISH_UC,Mesocentrotus franciscanus,295,59,51.836280730777744,0.9833333333333333,0.8639380121796291
2019,CENTRAL,BLUEFISH_UC,Strongylocentrotus purpuratus,3160,526.6666666666666,288.97727707670487,8.777777777777779,4.816287951278414
2019,CENTRAL,BUTTERFLY_DC,Mesocentrotus franciscanus,674,112.33333333333333,79.39437427593133,1.8722222222222222,1.3232395712655223
2019,CENTRAL,BUTTERFLY_DC,Strongylocentrotus purpuratus,12122,2020.3333333333335,2177.0426423629524,33.67222222222222,36.28404403938254
2019,CENTRAL,BUTTERFLY_UC,Mesocentrotus franciscanus,341,56.833333333333336,43.282405971325886,0.9472222222222222,0.7213734328554314
2019,CENTRAL,BUTTERFLY_UC,Strongylocentrotus purpuratus,2228,371.3333333333333,193.64675743907168,6.188888888888889,3.2274459573178618
2019,CENTRAL,CYPRESS_PT_DC,Mesocentrotus franciscanus,151,30.2,23.209911675833666,0.5033333333333333,0.38683186126389446
2019,CENTRAL,CYPRESS_PT_DC,Strongylocentrotus purpuratus,5774,962.3333333333333,788.5996872093385,16.038888888888888,13.143328120155644
2019,CENTRAL,HOPKINS_DC,Mesocentrotus franciscanus,472,94.4,48.946910014831374,1.5733333333333333,0.8157818335805229
2019,CENTRAL,HOPKINS_DC,Strongylocentrotus purpuratus,6382,1063.6666666666667,404.321983902269,17.727777777777778,6.738699731704483
2019,CENTRAL,HOPKINS_UC,Mesocentrotus franciscanus,93,15.5,15.98436736314578,0.2583333333333333,0.2664061227190963
2019,CENTRAL,HOPKINS_UC,Strongylocentrotus purpuratus,1439,239.83333333333334,58.99971751344804,3.9972222222222222,0.983328625224134
2019,CENTRAL,LONE_TREE,Mesocentrotus franciscanus,249,49.8,34.222799417931896,0.8300000000000001,0.570379990298865
2019,CENTRAL,LONE_TREE,Strongylocentrotus purpuratus,9065,1510.8333333333335,1741.1523100138788,25.180555555555557,29.019205166897986
2019,CENTRAL,LOVERS_DC,Mesocentrotus franciscanus,432,72,23.94159560263267,1.2,0.39902659337721125
2019,CENTRAL,LOVERS_DC,Strongylocentrotus purpuratus,4573,762.1666666666666,320.989356002137,12.702777777777778,5.349822600035617
2019,CENTRAL,LOVERS_UC,Mesocentrotus franciscanus,395,65.83333333333333,20.53695855443709,1.0972222222222223,0.34228264257395147
2019,CENTRAL,LOVERS_UC,Strongylocentrotus purpuratus,7937,1322.8333333333333,755.4218468290858,22.04722222222222,12.590364113818096
2019,CENTRAL,MONASTERY_DC,Mesocentrotus franciscanus,288,48,35.41750979388585,0.8,0.5902918298980975
2019,CENTRAL,MONASTERY_DC,Strongylocentrotus purpuratus,5017,836.1666666666666,532.0633107691853,13.936111111111112,8.867721846153088
2019,CENTRAL,MONASTERY_UC,Mesocentrotus franciscanus,411,68.5,89.2854971425931,1.1416666666666666,1.4880916190432183
2019,CENTRAL,MONASTERY_UC,Strongylocentrotus purpuratus,3531,588.5,700.8867954241969,9.808333333333334,11.681446590403278
2019,CENTRAL,OTTER_PT_DC,Mesocentrotus franciscanus,475,79.16666666666667,48.026728669217796,1.3194444444444444,0.8004454778202967
2019,CENTRAL,OTTER_PT_DC,Strongylocentrotus purpuratus,5568,928,941.9488308820177,15.466666666666667,15.699147181366962
2019,CENTRAL,OTTER_PT_UC,Mesocentrotus franciscanus,486,81,56.71331413345547,1.35,0.9452219022242578
2019,CENTRAL,OTTER_PT_UC,Strongylocentrotus purpuratus,4422,737,483.71768625924767,12.283333333333333,8.061961437654128
2019,CENTRAL,PESCADERO_DC,Mesocentrotus franciscanus,468,117,96.5090669315583,1.95,1.6084844488593046
2019,CENTRAL,PESCADERO_DC,Strongylocentrotus purpuratus,3502,583.6666666666666,719.4480291630986,9.727777777777778,11.990800486051644
2019,CENTRAL,PESCADERO_UC,Mesocentrotus franciscanus,435,72.5,53.56771415694345,1.2083333333333333,0.8927952359490575
2019,CENTRAL,PESCADERO_UC,Strongylocentrotus purpuratus,5558,926.3333333333333,1051.5747556244712,15.43888888888889,17.526245927074523
2019,CENTRAL,PINOS,Mesocentrotus franciscanus,205,41,26.888659319497503,0.6833333333333333,0.44814432199162507
2019,CENTRAL,PINOS,Strongylocentrotus purpuratus,1927,321.16666666666663,343.64773630371354,5.352777777777778,5.72746227172856
2019,CENTRAL,SIREN,Mesocentrotus franciscanus,333,55.5,61.65306156226145,0.9249999999999999,1.0275510260376908
2019,CENTRAL,SIREN,Strongylocentrotus purpuratus,1910,318.3333333333333,283.6848016138099,5.305555555555555,4.728080026896831
2019,CENTRAL,STILLWATER_DC,Mesocentrotus franciscanus,274,45.666666666666664,26.904770332910605,0.7611111111111111,0.44841283888184347
2019,CENTRAL,STILLWATER_DC,Strongylocentrotus purpuratus,4124,687.3333333333333,649.3642018672315,11.455555555555556,10.822736697787192
2019,CENTRAL,STILLWATER_UC,Mesocentrotus franciscanus,175,29.166666666666664,29.362674719219072,0.4861111111111111,0.4893779119869845
2019,CENTRAL,STILLWATER_UC,Strongylocentrotus purpuratus,9925,1654.1666666666665,2271.463441631114,27.569444444444443,37.85772402718524
2019,CENTRAL,WESTON_DC,Mesocentrotus franciscanus,208,34.666666666666664,33.75006172833861,0.5777777777777777,0.5625010288056436
2019,CENTRAL,WESTON_DC,Strongylocentrotus purpuratus,7136,1189.3333333333335,1255.3179145804727,19.822222222222223,20.921965243007875
2019,CENTRAL,WESTON_UC,Mesocentrotus franciscanus,444,74,49.86381453519175,1.2333333333333334,0.8310635755865292
2019,CENTRAL,WESTON_UC,Strongylocentrotus purpuratus,16086,2681,2818.82145585704,44.68333333333333,46.98035759761733
2020,CENTRAL,BLUEFISH_DC,Mesocentrotus franciscanus,210,35,14.366627996854376,0.5833333333333334,0.23944379994757292
2020,CENTRAL,BLUEFISH_DC,Strongylocentrotus purpuratus,5902,983.6666666666666,832.7932916796741,16.394444444444442,13.879888194661234
2020,CENTRAL,BLUEFISH_UC,Mesocentrotus franciscanus,236,39.333333333333336,21.17230895926721,0.6555555555555556,0.3528718159877869
2020,CENTRAL,BLUEFISH_UC,Strongylocentrotus purpuratus,11250,1875,1477.721760007614,31.25,24.628696000126897
2020,CENTRAL,BUTTERFLY_DC,Mesocentrotus franciscanus,395,79,54.04627646748664,1.3166666666666667,0.9007712744581106
2020,CENTRAL,BUTTERFLY_DC,Strongylocentrotus purpuratus,2432,405.3333333333333,689.6656194611028,6.7555555555555555,11.49442699101838
2020,CENTRAL,BUTTERFLY_UC,Mesocentrotus franciscanus,306,51,16.540858502508268,0.85,0.2756809750418044
2020,CENTRAL,BUTTERFLY_UC,Strongylocentrotus purpuratus,5312,885.3333333333333,983.9649722762831,14.755555555555556,16.39941620460472
2020,CENTRAL,CANNERY_DC,Mesocentrotus franciscanus,339,56.5,60.022495782831285,0.9416666666666667,1.0003749297138549
2020,CENTRAL,CANNERY_DC,Strongylocentrotus purpuratus,6099,1016.5,904.0884359397592,16.941666666666666,15.068140598995985
2020,CENTRAL,CANNERY_UC,Mesocentrotus franciscanus,162,32.4,33.433516117812076,0.54,0.5572252686302014
2020,CENTRAL,CANNERY_UC,Strongylocentrotus purpuratus,5829,971.5,1432.129288856282,16.19166666666667,23.868821480938035
2020,CENTRAL,CYPRESS_PT_DC,Mesocentrotus franciscanus,120,20,7.899367063252599,0.3333333333333333,0.13165611772087665
2020,CENTRAL,CYPRESS_PT_DC,Strongylocentrotus purpuratus,9787,1631.1666666666665,2250.077991240896,27.18611111111111,37.50129985401493
2020,CENTRAL,HOPKINS_DC,Mesocentrotus franciscanus,476,79.33333333333333,73.07986498801614,1.3222222222222222,1.217997749800269
2020,CENTRAL,HOPKINS_DC,Strongylocentrotus purpuratus,10278,1713,2143.174841211048,28.55,35.7195806868508
2020,CENTRAL,HOPKINS_UC,Mesocentrotus franciscanus,594,99,110.3304128515796,1.65,1.8388402141929931
2020,CENTRAL,HOPKINS_UC,Strongylocentrotus purpuratus,20415,3402.5,2552.6233368830585,56.708333333333336,42.54372228138431
2020,CENTRAL,LONE_TREE,Mesocentrotus franciscanus,211,35.166666666666664,22.184829651513365,0.5861111111111111,0.3697471608585561
2020,CENTRAL,LONE_TREE,Strongylocentrotus purpuratus,18790,3131.666666666667,3812.8023639662556,52.19444444444445,63.54670606610426
2020,CENTRAL,LOVERS_DC,Mesocentrotus franciscanus,603,100.5,36.71920478441765,1.675,0.6119867464069608
2020,CENTRAL,LOVERS_DC,Strongylocentrotus purpuratus,9637,1606.1666666666665,1825.3036368414616,26.769444444444442,30.42172728069103
2020,CENTRAL,LOVERS_UC,Mesocentrotus franciscanus,739,123.16666666666667,63.37007706060224,2.0527777777777776,1.0561679510100372
2020,CENTRAL,LOVERS_UC,Strongylocentrotus purpuratus,9971,1661.8333333333333,1256.494873314916,27.697222222222223,20.941581221915264
2020,CENTRAL,MACABEE_DC,Mesocentrotus franciscanus,375,75,57.38466694161429,1.25,0.9564111156935714
2020,CENTRAL,MACABEE_DC,Strongylocentrotus purpuratus,9870,1645,2887.1843030883915,27.416666666666668,48.11973838480652
2020,CENTRAL,MACABEE_UC,Mesocentrotus franciscanus,386,96.5,58.682762943360686,1.6083333333333334,0.9780460490560116
2020,CENTRAL,MACABEE_UC,Strongylocentrotus purpuratus,1432,286.4,262.2399664429509,4.773333333333333,4.370666107382514
2020,CENTRAL,MONASTERY_DC,Mesocentrotus franciscanus,494,82.33333333333333,35.65202191554732,1.3722222222222222,0.594200365259122
2020,CENTRAL,MONASTERY_DC,Strongylocentrotus purpuratus,9544,1590.6666666666667,1112.888434060965,26.511111111111113,18.548140567682747
2020,CENTRAL,MONASTERY_UC,Mesocentrotus franciscanus,327,54.5,37.72399766726745,0.9083333333333333,0.6287332944544576
2020,CENTRAL,MONASTERY_UC,Strongylocentrotus purpuratus,5406,901,1011.2691036514465,15.016666666666666,16.85448506085744
2020,CENTRAL,OTTER_PT_DC,Mesocentrotus franciscanus,1035,172.5,86.1690199549699,2.875,1.4361503325828318
2020,CENTRAL,OTTER_PT_DC,Strongylocentrotus purpuratus,11377,1896.1666666666665,1737.6156556231492,31.602777777777778,28.960260927052484
2020,CENTRAL,OTTER_PT_UC,Mesocentrotus franciscanus,909,151.5,71.14703085863809,2.525,1.1857838476439682
2020,CENTRAL,OTTER_PT_UC,Strongylocentrotus purpuratus,6851,1141.8333333333335,1723.2509296868714,19.030555555555555,28.72084882811453
2020,CENTRAL,PESCADERO_DC,Mesocentrotus franciscanus,389,77.8,63.09278881140063,1.2966666666666666,1.0515464801900105
2020,CENTRAL,PESCADERO_DC,Strongylocentrotus purpuratus,4687,781.1666666666666,816.294411757588,13.019444444444444,13.604906862626468
2020,CENTRAL,PESCADERO_UC,Mesocentrotus franciscanus,152,25.333333333333332,21.087120871912948,0.4222222222222222,0.3514520145318824
2020,CENTRAL,PESCADERO_UC,Strongylocentrotus purpuratus,9769,1628.1666666666665,1643.0552536864566,27.136111111111113,27.384254228107615
2020,CENTRAL,PINOS,Mesocentrotus franciscanus,163,27.166666666666668,17.42890319746675,0.4527777777777778,0.29048171995777916
2020,CENTRAL,PINOS,Strongylocentrotus purpuratus,5029,838.1666666666666,479.5161797756846,13.969444444444445,7.991936329594743
2020,CENTRAL,SIREN,Mesocentrotus franciscanus,614,102.33333333333334,99.88526751561848,1.7055555555555557,1.6647544585936414
2020,CENTRAL,SIREN,Strongylocentrotus purpuratus,4209,701.5,151.25309914180272,11.691666666666666,2.5208849856967124
2020,CENTRAL,STILLWATER_DC,Mesocentrotus franciscanus,317,52.833333333333336,29.620375869773607,0.8805555555555555,0.4936729311628934
2020,CENTRAL,STILLWATER_DC,Strongylocentrotus purpuratus,7596,1266,833.7107412046458,21.1,13.895179020077434
2020,CENTRAL,STILLWATER_UC,Mesocentrotus franciscanus,259,43.16666666666667,41.75364255567012,0.7194444444444444,0.695894042594502
2020,CENTRAL,STILLWATER_UC,Strongylocentrotus purpuratus,14052,2342,2720.5198032728968,39.03333333333333,45.34199672121495
2020,CENTRAL,WESTON_DC,Mesocentrotus franciscanus,281,46.833333333333336,11.872938417538712,0.7805555555555556,0.19788230695897854
2020,CENTRAL,WESTON_DC,Strongylocentrotus purpuratus,13006,2167.6666666666665,1777.1142525641583,36.12777777777778,29.618570876069306
2020,CENTRAL,WESTON_UC,Mesocentrotus franciscanus,507,84.5,15.122830422906949,1.4083333333333332,0.25204717371511587
2020,CENTRAL,WESTON_UC,Strongylocentrotus purpuratus,11236,1872.6666666666665,2012.7170359160443,31.211111111111112,33.545283931934065
2021,CENTRAL,BLUEFISH_DC,Mesocentrotus franciscanus,365,91.25,50.394278775802846,1.5208333333333333,0.8399046462633808
2021,CENTRAL,BLUEFISH_DC,Strongylocentrotus purpuratus,5214,1303.5,1168.237561457429,21.725,19.470626024290485
2021,CENTRAL,BLUEFISH_UC,Mesocentrotus franciscanus,198,33,9.186947262284681,0.55,0.15311578770474468
2021,CENTRAL,BLUEFISH_UC,Strongylocentrotus purpuratus,5286,881,478.9876825138617,14.683333333333334,7.983128041897695
2021,CENTRAL,BUTTERFLY_DC,Mesocentrotus franciscanus,81,13.5,10.894952959971878,0.225,0.18158254933286466
2021,CENTRAL,BUTTERFLY_DC,Strongylocentrotus purpuratus,2253,375.5,385.13257457659955,6.258333333333333,6.418876242943326
2021,CENTRAL,BUTTERFLY_UC,Mesocentrotus franciscanus,216,36,21.808255317654368,0.6,0.3634709219609061
2021,CENTRAL,BUTTERFLY_UC,Strongylocentrotus purpuratus,5015,835.8333333333333,1286.3944055641205,13.930555555555555,21.439906759402003
2021,CENTRAL,CANNERY_DC,Mesocentrotus franciscanus,731,121.83333333333334,105.29276644986903,2.0305555555555554,1.7548794408311505
2021,CENTRAL,CANNERY_DC,Strongylocentrotus purpuratus,5511,918.5,437.80395155822885,15.308333333333334,7.296732525970481
2021,CENTRAL,CANNERY_UC,Mesocentrotus franciscanus,374,74.8,69.70437575934527,1.2466666666666666,1.1617395959890877
2021,CENTRAL,CANNERY_UC,Strongylocentrotus purpuratus,7385,1230.8333333333335,1319.6625957670644,20.51388888888889,21.994376596117743
2021,CENTRAL,CYPRESS_PT_DC,Mesocentrotus franciscanus,75,18.75,2.753785273643051,0.3125,0.045896421227384174
2021,CENTRAL,CYPRESS_PT_DC,Strongylocentrotus purpuratus,1304,326,114.52801695072986,5.433333333333334,1.9088002825121646
2021,CENTRAL,HOPKINS_DC,Mesocentrotus franciscanus,352,58.666666666666664,33.67293670986638,0.9777777777777777,0.5612156118311062
2021,CENTRAL,HOPKINS_DC,Strongylocentrotus purpuratus,12211,2035.1666666666665,2042.5992672736047,33.919444444444444,34.04332112122675
2021,CENTRAL,HOPKINS_UC,Mesocentrotus franciscanus,87,21.75,22.85278976405288,0.3625,0.3808798294008813
2021,CENTRAL,HOPKINS_UC,Strongylocentrotus purpuratus,1781,296.83333333333337,276.16474551735723,4.947222222222222,4.60274575862262
2021,CENTRAL,LONE_TREE,Mesocentrotus franciscanus,40,20,5.656854249492381,0.33333333333333337,0.09428090415820635
2021,CENTRAL,LONE_TREE,Strongylocentrotus purpuratus,545,272.5,14.849242404917497,4.541666666666666,0.247487373415292
2021,CENTRAL,LOVERS_DC,Mesocentrotus franciscanus,646,107.66666666666667,53.50763185440621,1.7944444444444443,0.8917938642401035
2021,CENTRAL,LOVERS_DC,Strongylocentrotus purpuratus,2584,430.6666666666667,292.96803011022666,7.177777777777778,4.882800501837111
2021,CENTRAL,LOVERS_UC,Mesocentrotus franciscanus,574,95.66666666666667,41.78835563487353,1.5944444444444443,0.6964725939145588
2021,CENTRAL,LOVERS_UC,Strongylocentrotus purpuratus,4176,696,599.60253501799,11.6,9.993375583633169
2021,CENTRAL,MACABEE_DC,Mesocentrotus franciscanus,1230,205,401.6759888268155,3.4166666666666665,6.6945998137802585
2021,CENTRAL,MACABEE_DC,Strongylocentrotus purpuratus,2912,485.3333333333333,354.9972769848618,8.088888888888889,5.916621283081029
2021,CENTRAL,MACABEE_UC,Mesocentrotus franciscanus,335,83.75,48.733116734584776,1.3958333333333333,0.8122186122430795
2021,CENTRAL,MACABEE_UC,Strongylocentrotus purpuratus,4813,802.1666666666666,1413.879120245669,13.369444444444444,23.564652004094476
2021,CENTRAL,MONASTERY_DC,Mesocentrotus franciscanus,459,91.8,52.741824010930834,1.53,0.8790304001821805
2021,CENTRAL,MONASTERY_DC,Strongylocentrotus purpuratus,8842,1473.6666666666665,1940.7638358818074,24.561111111111114,32.34606393136345
2021,CENTRAL,MONASTERY_UC,Mesocentrotus franciscanus,354,59,34.97427626127523,0.9833333333333333,0.5829046043545871
2021,CENTRAL,MONASTERY_UC,Strongylocentrotus purpuratus,5540,923.3333333333333,754.006542854017,15.38888888888889,12.566775714233618
2021,CENTRAL,OTTER_PT_DC,Mesocentrotus franciscanus,379,63.166666666666664,21.11318703243702,1.0527777777777778,0.351886450540617
2021,CENTRAL,OTTER_PT_DC,Strongylocentrotus purpuratus,5383,897.1666666666666,689.2968639611431,14.952777777777778,11.488281066019054
2021,CENTRAL,OTTER_PT_UC,Mesocentrotus franciscanus,570,95,20.83266665599966,1.5833333333333333,0.34721111093332757
2021,CENTRAL,OTTER_PT_UC,Strongylocentrotus purpuratus,5097,849.5,726.1203068362707,14.158333333333333,12.102005113937846
2021,CENTRAL,PESCADERO_DC,Mesocentrotus franciscanus,313,52.166666666666664,32.03383627770278,0.8694444444444445,0.5338972712950463
2021,CENTRAL,PESCADERO_DC,Strongylocentrotus purpuratus,6438,1073,945.7794668948993,17.883333333333333,15.762991114914987
2021,CENTRAL,PESCADERO_UC,Mesocentrotus franciscanus,62,15.5,5.5677643628300215,0.2583333333333333,0.0927960727138337
2021,CENTRAL,PESCADERO_UC,Strongylocentrotus purpuratus,1543,385.75,460.6888863430504,6.429166666666666,7.678148105717506
2021,CENTRAL,PINOS,Mesocentrotus franciscanus,327,81.75,39.73558438813586,1.3625,0.6622597398022645
2021,CENTRAL,PINOS,Strongylocentrotus purpuratus,3183,795.75,304.15497694432025,13.2625,5.069249615738672
2021,CENTRAL,SIREN,Mesocentrotus franciscanus,453,75.5,67.61878437239167,1.2583333333333333,1.126979739539861
2021,CENTRAL,SIREN,Strongylocentrotus purpuratus,5794,965.6666666666667,863.9529308166427,16.094444444444445,14.399215513610711
2021,CENTRAL,STILLWATER_DC,Mesocentrotus franciscanus,356,59.33333333333333,40.85910751187141,0.9888888888888888,0.6809851251978567
2021,CENTRAL,STILLWATER_DC,Strongylocentrotus purpuratus,8260,1376.6666666666665,1827.4804148517342,22.944444444444446,30.458006914195572
2021,CENTRAL,STILLWATER_UC,Mesocentrotus franciscanus,357,59.5,50.694181125647944,0.9916666666666667,0.844903018760799
2021,CENTRAL,STILLWATER_UC,Strongylocentrotus purpuratus,3700,616.6666666666666,353.87436565349947,10.277777777777779,5.897906094224991
2021,CENTRAL,WESTON_DC,Mesocentrotus franciscanus,323,53.833333333333336,26.821011663743533,0.8972222222222223,0.44701686106239225
2021,CENTRAL,WESTON_DC,Strongylocentrotus purpuratus,7298,1216.3333333333333,1110.0266062877351,20.272222222222222,18.50044343812892
2021,CENTRAL,WESTON_UC,Mesocentrotus franciscanus,345,57.5,26.643948656308435,0.9583333333333333,0.44406581093847386
2021,CENTRAL,WESTON_UC,Strongylocentrotus purpuratus,9938,1656.3333333333333,1350.891063952481,27.605555555555554,22.51485106587469
2022,CENTRAL,BLUEFISH_DC,Mesocentrotus franciscanus,402,67,62.81401117585152,1.1166666666666667,1.046900186264192
2022,CENTRAL,BLUEFISH_DC,Strongylocentrotus purpuratus,13527,2254.5,1631.892612888483,37.575,27.198210214808046
2022,CENTRAL,BUTTERFLY_UC,Mesocentrotus franciscanus,70,14,14.66287829861518,0.23333333333333334,0.24438130497691968
2022,CENTRAL,BUTTERFLY_UC,Strongylocentrotus purpuratus,1172,195.33333333333334,82.83879928310566,3.2555555555555555,1.3806466547184275
2022,CENTRAL,CANNERY_DC,Mesocentrotus franciscanus,156,31.2,36.3620681480028,0.52,0.60603446913338
2022,CENTRAL,CANNERY_DC,Strongylocentrotus purpuratus,4911,818.5,939.6339180766092,13.641666666666666,15.66056530127682
2022,CENTRAL,CANNERY_UC,Mesocentrotus franciscanus,368,92,70.14746372226631,1.5333333333333332,1.169124395371105
2022,CENTRAL,CANNERY_UC,Strongylocentrotus purpuratus,2299,383.1666666666667,283.78119505468766,6.386111111111111,4.729686584244794
2022,CENTRAL,HOPKINS_DC,Mesocentrotus franciscanus,208,34.666666666666664,26.242459234352765,0.5777777777777778,0.43737432057254616
2022,CENTRAL,HOPKINS_DC,Strongylocentrotus purpuratus,13562,2260.333333333333,2422.308210502261,37.672222222222224,40.37180350837102
2022,CENTRAL,HOPKINS_UC,Mesocentrotus franciscanus,72,14.4,7.92464510246358,0.24,0.132077418374393
2022,CENTRAL,HOPKINS_UC,Strongylocentrotus purpuratus,4788,798,612.5951354687694,13.3,10.209918924479492
2022,CENTRAL,LONE_TREE,Mesocentrotus franciscanus,54,13.5,11.789826122551595,0.225,0.19649710204252663
2022,CENTRAL,LONE_TREE,Strongylocentrotus purpuratus,11424,2856,3844.5832890791517,47.599999999999994,64.0763881513192
2022,CENTRAL,LOVERS_DC,Mesocentrotus franciscanus,644,107.33333333333333,52.39720094305293,1.788888888888889,0.8732866823842156
2022,CENTRAL,LOVERS_DC,Strongylocentrotus purpuratus,4958,826.3333333333333,964.7212378022299,13.772222222222222,16.078687296703833
2022,CENTRAL,LOVERS_UC,Mesocentrotus franciscanus,383,63.833333333333336,25.03930243969801,1.0638888888888889,0.41732170732830015
2022,CENTRAL,LOVERS_UC,Strongylocentrotus purpuratus,4387,731.1666666666667,767.1128773959323,12.186111111111112,12.785214623265539
2022,CENTRAL,MACABEE_DC,Mesocentrotus franciscanus,221,55.25,38.48268008684773,0.9208333333333333,0.641378001447462
2022,CENTRAL,MACABEE_DC,Strongylocentrotus purpuratus,1512,302.4,204.83237048865104,5.04,3.4138728414775175
2022,CENTRAL,MACABEE_UC,Mesocentrotus franciscanus,137,34.25,22.86737122335374,0.5708333333333333,0.3811228537225623
2022,CENTRAL,MACABEE_UC,Strongylocentrotus purpuratus,2181,545.25,559.9448633570987,9.0875,9.332414389284981
2022,CENTRAL,MONASTERY_UC,Mesocentrotus franciscanus,309,51.5,58.39434904166669,0.8583333333333334,0.9732391506944449
2022,CENTRAL,MONASTERY_UC,Strongylocentrotus purpuratus,4199,699.8333333333334,538.7531593101489,11.663888888888888,8.979219321835815
2022,CENTRAL,OTTER_PT_DC,Mesocentrotus franciscanus,536,89.33333333333333,50.11453548289823,1.488888888888889,0.835242258048304
2022,CENTRAL,OTTER_PT_DC,Strongylocentrotus purpuratus,13262,2210.3333333333335,2073.56472449419,36.83888888888889,34.55941207490317
2022,CENTRAL,OTTER_PT_UC,Mesocentrotus franciscanus,514,85.66666666666667,19.449078812804135,1.4277777777777778,0.32415131354673554
2022,CENTRAL,OTTER_PT_UC,Strongylocentrotus purpuratus,9092,1515.3333333333335,1372.266980826496,25.255555555555553,22.871116347108263
2022,CENTRAL,PESCADERO_DC,Mesocentrotus franciscanus,107,21.4,20.525593779474445,0.35666666666666663,0.3420932296579074
2022,CENTRAL,PESCADERO_DC,Strongylocentrotus purpuratus,1759,351.8,278.26821593563284,5.863333333333333,4.637803598927214
2022,CENTRAL,PESCADERO_UC,Mesocentrotus franciscanus,13,3.25,0.9574271077563381,0.05416666666666667,0.015957118462605634
2022,CENTRAL,PESCADERO_UC,Strongylocentrotus purpuratus,875,145.83333333333334,124.42574760340669,2.4305555555555554,2.073762460056778
2022,CENTRAL,PINOS,Mesocentrotus franciscanus,287,57.4,42.72352981671809,0.9566666666666667,0.7120588302786349
2022,CENTRAL,PINOS,Strongylocentrotus purpuratus,12055,2009.1666666666665,1670.4404708539203,33.48611111111111,27.840674514232003
2022,CENTRAL,SIREN,Mesocentrotus franciscanus,739,123.16666666666667,98.69836202625993,2.0527777777777776,1.6449727004376655
2022,CENTRAL,SIREN,Strongylocentrotus purpuratus,2001,333.5,368.2508655794308,5.558333333333334,6.137514426323847
2022,CENTRAL,STILLWATER_DC,Mesocentrotus franciscanus,194,32.333333333333336,18.29389697868299,0.5388888888888889,0.3048982829780499
2022,CENTRAL,STILLWATER_DC,Strongylocentrotus purpuratus,5096,849.3333333333333,1045.9213482220673,14.155555555555557,17.432022470367787
2022,CENTRAL,STILLWATER_UC,Mesocentrotus franciscanus,374,93.5,29.03446228191595,1.5583333333333333,0.4839077046985992
2022,CENTRAL,STILLWATER_UC,Strongylocentrotus purpuratus,2361,393.5,430.6352284706861,6.558333333333334,7.177253807844768
2022,CENTRAL,WESTON_DC,Mesocentrotus franciscanus,216,36,17.549928774784245,0.6,0.2924988129130707
2022,CENTRAL,WESTON_DC,Strongylocentrotus purpuratus,6982,1163.6666666666667,920.5921282884548,19.394444444444446,15.343202138140914
2022,CENTRAL,WESTON_UC,Mesocentrotus franciscanus,655,109.16666666666666,106.33798317942026,1.8194444444444444,1.7722997196570043
2022,CENTRAL,WESTON_UC,Strongylocentrotus purpuratus,11386,1897.6666666666667,2115.1653993639993,31.627777777777776,35.25275665606666
2023,CENTRAL,BLUEFISH_DC,Mesocentrotus franciscanus,321,64.2,37.89722945018541,1.07,0.6316204908364235
2023,CENTRAL,BLUEFISH_DC,Strongylocentrotus purpuratus,2890,481.6666666666667,234.9439649505104,8.027777777777779,3.9157327491751732
2023,CENTRAL,BLUEFISH_UC,Mesocentrotus franciscanus,203,33.833333333333336,16.940090515303233,0.5638888888888889,0.2823348419217206
2023,CENTRAL,BLUEFISH_UC,Strongylocentrotus purpuratus,14691,2448.5,2580.6071184897555,40.80833333333334,43.01011864149593
2023,CENTRAL,BUTTERFLY_DC,Mesocentrotus franciscanus,212,35.333333333333336,29.466365005997375,0.5888888888888889,0.4911060834332895
2023,CENTRAL,BUTTERFLY_DC,Strongylocentrotus purpuratus,3169,528.1666666666666,361.22758292614736,8.802777777777777,6.0204597154357895
2023,CENTRAL,BUTTERFLY_UC,Mesocentrotus franciscanus,157,31.4,18.03607496103296,0.5233333333333333,0.30060124935054927
2023,CENTRAL,BUTTERFLY_UC,Strongylocentrotus purpuratus,3138,523,387.5007096767695,8.716666666666667,6.458345161279491
2023,CENTRAL,CANNERY_DC,Mesocentrotus franciscanus,177,35.4,43.25852517134628,0.5900000000000001,0.7209754195224382
2023,CENTRAL,CANNERY_DC,Strongylocentrotus purpuratus,2516,419.33333333333337,602.7094380102792,6.988888888888889,10.045157300171322
2023,CENTRAL,CANNERY_UC,Mesocentrotus franciscanus,47,7.833333333333334,5.344779384283945,0.13055555555555556,0.08907965640473241
2023,CENTRAL,CANNERY_UC,Strongylocentrotus purpuratus,1710,285,180.87343641342142,4.75,3.014557273557024
2023,CENTRAL,CYPRESS_PT_DC,Mesocentrotus franciscanus,134,22.333333333333332,20.036633117035073,0.37222222222222223,0.33394388528391794
2023,CENTRAL,CYPRESS_PT_DC,Strongylocentrotus purpuratus,2431,405.1666666666667,220.1448765396703,6.752777777777777,3.669081275661171
2023,CENTRAL,HOPKINS_DC,Mesocentrotus franciscanus,323,53.833333333333336,36.95628047662084,0.8972222222222223,0.6159380079436807
2023,CENTRAL,HOPKINS_DC,Strongylocentrotus purpuratus,4865,810.8333333333334,465.310828013562,13.51388888888889,7.7551804668927
2023,CENTRAL,HOPKINS_UC,Mesocentrotus franciscanus,88,14.666666666666668,17.01371995380983,0.24444444444444444,0.2835619992301638
2023,CENTRAL,HOPKINS_UC,Strongylocentrotus purpuratus,2744,457.33333333333337,343.24141164298146,7.622222222222223,5.720690194049691
2023,CENTRAL,LONE_TREE,Mesocentrotus franciscanus,101,20.2,12.111977542911811,0.33666666666666667,0.2018662923818635
2023,CENTRAL,LONE_TREE,Strongylocentrotus purpuratus,4864,810.6666666666666,485.04130408313335,13.511111111111111,8.08402173471889
2023,CENTRAL,LOVERS_DC,Mesocentrotus franciscanus,694,115.66666666666666,104.3545239396293,1.927777777777778,1.7392420656604886
2023,CENTRAL,LOVERS_DC,Strongylocentrotus purpuratus,3127,521.1666666666666,403.9348544835747,8.686111111111112,6.732247574726245
2023,CENTRAL,LOVERS_UC,Mesocentrotus franciscanus,497,82.83333333333333,48.754145122919205,1.3805555555555555,0.8125690853819867
2023,CENTRAL,LOVERS_UC,Strongylocentrotus purpuratus,3703,617.1666666666666,650.876153094171,10.286111111111111,10.847935884902851
2023,CENTRAL,MACABEE_DC,Mesocentrotus franciscanus,73,18.25,12.311918344975057,0.30416666666666664,0.20519863908291758
2023,CENTRAL,MACABEE_DC,Strongylocentrotus purpuratus,790,158,101.96568050084302,2.6333333333333333,1.699428008347384
2023,CENTRAL,MACABEE_UC,Mesocentrotus franciscanus,268,89.33333333333333,75.36798613027506,1.488888888888889,1.256133102171251
2023,CENTRAL,MACABEE_UC,Strongylocentrotus purpuratus,1977,395.4,444.08816692184,6.59,7.401469448697332
2023,CENTRAL,MONASTERY_DC,Mesocentrotus franciscanus,273,45.5,33.7564808592365,0.7583333333333333,0.5626080143206083
2023,CENTRAL,MONASTERY_DC,Strongylocentrotus purpuratus,13721,2286.8333333333335,2083.4170409849935,38.11388888888889,34.723617349749894
2023,CENTRAL,MONASTERY_UC,Mesocentrotus franciscanus,377,62.833333333333336,34.236919643371344,1.0472222222222223,0.5706153273895225
2023,CENTRAL,MONASTERY_UC,Strongylocentrotus purpuratus,7555,1259.1666666666667,1109.3483522621138,20.986111111111114,18.489139204368563
2023,CENTRAL,OTTER_PT_DC,Mesocentrotus franciscanus,682,113.66666666666667,79.21279357948858,1.8944444444444444,1.3202132263248094
2023,CENTRAL,OTTER_PT_DC,Strongylocentrotus purpuratus,9324,1554,1092.3785058302822,25.9,18.206308430504706
2023,CENTRAL,OTTER_PT_UC,Mesocentrotus franciscanus,859,143.16666666666666,49.68064680201604,2.386111111111111,0.8280107800336006
2023,CENTRAL,OTTER_PT_UC,Strongylocentrotus purpuratus,4520,753.3333333333333,750.7318207367174,12.555555555555555,12.512197012278621
2023,CENTRAL,PESCADERO_DC,Mesocentrotus franciscanus,137,34.25,27.25649769626807,0.5708333333333334,0.45427496160446784
2023,CENTRAL,PESCADERO_DC,Strongylocentrotus purpuratus,1075,179.16666666666666,108.7518582216721,2.986111111111111,1.8125309703612014
2023,CENTRAL,PESCADERO_UC,Mesocentrotus franciscanus,189,37.8,53.37321425584185,0.6300000000000001,0.8895535709306975
2023,CENTRAL,PESCADERO_UC,Strongylocentrotus purpuratus,2916,486,322.9990712060949,8.1,5.3833178534349155
2023,CENTRAL,PINOS,Mesocentrotus franciscanus,245,40.833333333333336,29.512144392887933,0.6805555555555556,0.4918690732147989
2023,CENTRAL,PINOS,Strongylocentrotus purpuratus,7406,1234.3333333333333,624.8320307624016,20.572222222222223,10.413867179373359
2023,CENTRAL,SIREN,Mesocentrotus franciscanus,902,180.4,225.97743250156643,3.006666666666667,3.7662905416927734
2023,CENTRAL,SIREN,Strongylocentrotus purpuratus,2922,487,437.0386710578367,8.116666666666665,7.283977850963945
2023,CENTRAL,STILLWATER_DC,Mesocentrotus franciscanus,51,8.5,4.929503017546495,0.14166666666666666,0.08215838362577492
2023,CENTRAL,STILLWATER_DC,Strongylocentrotus purpuratus,3662,610.3333333333333,1183.7578581224568,10.17222222222222,19.729297635374284
2023,CENTRAL,STILLWATER_UC,Mesocentrotus franciscanus,269,53.8,40.85584413520298,0.8966666666666666,0.6809307355867165
2023,CENTRAL,STILLWATER_UC,Strongylocentrotus purpuratus,5361,893.5,1054.6942210896957,14.891666666666667,17.578237018161598
2023,CENTRAL,WESTON_DC,Mesocentrotus franciscanus,174,43.5,11.387127235025815,0.725,0.18978545391709692
2023,CENTRAL,WESTON_DC,Strongylocentrotus purpuratus,10512,1752,1007.6453741272273,29.200000000000003,16.794089568787122
2023,CENTRAL,WESTON_UC,Mesocentrotus franciscanus,235,39.166666666666664,28.145455524234578,0.6527777777777778,0.4690909254039097
2023,CENTRAL,WESTON_UC,Strongylocentrotus purpuratus,10045,1674.1666666666667,1183.1668380522954,27.90277777777778,19.719447300871593
